xx01001,テスト ユーザー1,21,1年1か月,Java,HTML,CSS
xx01002,テスト ユーザー2,22,2年2か月,Java,HTML,CSS
xx01003,テスト ユーザー3,23,3年3か月,Java,HTML,CSS
xx01004,テスト ユーザー4,24,4年4か月,Java,HTML,CSS
xx01005,テスト ユーザー5,25,5年5か月,Java,HTML,CSS
xx01006,テスト ユーザー6,26,6年6か月,Java,HTML,CSS
xx01007,テスト ユーザー7,27,7年7か月,Java,HTML,CSS
xx01008,テスト ユーザー8,28,8年8か月,Java,HTML,CSS
xx01009,テスト ユーザー9,29,9年9か月,Java,HTML,CSS
xx01010,テスト ユーザー10,30,0年10か月,Java,HTML,CSS
xx01011,テスト ユーザー11,31,1年11か月,Java,HTML,CSS
xx01012,テスト ユーザー12,32,2年0か月,Java,HTML,CSS
xx01013,テスト ユーザー13,33,3年1か月,Java,HTML,CSS
xx01014,テスト ユーザー14,34,4年2か月,Java,HTML,CSS
xx01015,テスト ユーザー15,35,5年3か月,Java,HTML,CSS
xx01016,テスト ユーザー16,36,6年4か月,Java,HTML,CSS
xx01017,テスト ユーザー17,37,7年5か月,Java,HTML,CSS
xx01018,テスト ユーザー18,38,8年6か月,Java,HTML,CSS
xx01019,テスト ユーザー19,39,9年7か月,Java,HTML,CSS
xx01020,テスト ユーザー20,40,0年8か月,Java,HTML,CSS
xx01021,テスト ユーザー21,41,1年9か月,Java,HTML,CSS
xx01022,テスト ユーザー22,42,2年10か月,Java,HTML,CSS
xx01023,テスト ユーザー23,43,3年11か月,Java,HTML,CSS
xx01024,テスト ユーザー24,44,4年0か月,Java,HTML,CSS
xx01025,テスト ユーザー25,45,5年1か月,Java,HTML,CSS
xx01026,テスト ユーザー26,46,6年2か月,Java,HTML,CSS
xx01027,テスト ユーザー27,47,7年3か月,Java,HTML,CSS
xx01028,テスト ユーザー28,48,8年4か月,Java,HTML,CSS
xx01029,テスト ユーザー29,49,9年5か月,Java,HTML,CSS
xx01030,テスト ユーザー30,20,0年6か月,Java,HTML,CSS
xx01031,テスト ユーザー31,21,1年7か月,Java,HTML,CSS
xx01032,テスト ユーザー32,22,2年8か月,Java,HTML,CSS
xx01033,テスト ユーザー33,23,3年9か月,Java,HTML,CSS
xx01034,テスト ユーザー34,24,4年10か月,Java,HTML,CSS
xx01035,テスト ユーザー35,25,5年11か月,Java,HTML,CSS
xx01036,テスト ユーザー36,26,6年0か月,Java,HTML,CSS
xx01037,テスト ユーザー37,27,7年1か月,Java,HTML,CSS
xx01038,テスト ユーザー38,28,8年2か月,Java,HTML,CSS
xx01039,テスト ユーザー39,29,9年3か月,Java,HTML,CSS
xx01040,テスト ユーザー40,30,0年4か月,Java,HTML,CSS
xx01041,テスト ユーザー41,31,1年5か月,Java,HTML,CSS
xx01042,テスト ユーザー42,32,2年6か月,Java,HTML,CSS
xx01043,テスト ユーザー43,33,3年7か月,Java,HTML,CSS
xx01044,テスト ユーザー44,34,4年8か月,Java,HTML,CSS
xx01045,テスト ユーザー45,35,5年9か月,Java,HTML,CSS
xx01046,テスト ユーザー46,36,6年10か月,Java,HTML,CSS
xx01047,テスト ユーザー47,37,7年11か月,Java,HTML,CSS
xx01048,テスト ユーザー48,38,8年0か月,Java,HTML,CSS
xx01049,テスト ユーザー49,39,9年1か月,Java,HTML,CSS
xx01050,テスト ユーザー50,40,0年2か月,Java,HTML,CSS
xx01051,テスト ユーザー51,41,1年3か月,Java,HTML,CSS
xx01052,テスト ユーザー52,42,2年4か月,Java,HTML,CSS
xx01053,テスト ユーザー53,43,3年5か月,Java,HTML,CSS
xx01054,テスト ユーザー54,44,4年6か月,Java,HTML,CSS
xx01055,テスト ユーザー55,45,5年7か月,Java,HTML,CSS
xx01056,テスト ユーザー56,46,6年8か月,Java,HTML,CSS
xx01057,テスト ユーザー57,47,7年9か月,Java,HTML,CSS
xx01058,テスト ユーザー58,48,8年10か月,Java,HTML,CSS
xx01059,テスト ユーザー59,49,9年11か月,Java,HTML,CSS
xx01060,テスト ユーザー60,20,0年0か月,Java,HTML,CSS
xx01061,テスト ユーザー61,21,1年1か月,Java,HTML,CSS
xx01062,テスト ユーザー62,22,2年2か月,Java,HTML,CSS
xx01063,テスト ユーザー63,23,3年3か月,Java,HTML,CSS
xx01064,テスト ユーザー64,24,4年4か月,Java,HTML,CSS
xx01065,テスト ユーザー65,25,5年5か月,Java,HTML,CSS
xx01066,テスト ユーザー66,26,6年6か月,Java,HTML,CSS
xx01067,テスト ユーザー67,27,7年7か月,Java,HTML,CSS
xx01068,テスト ユーザー68,28,8年8か月,Java,HTML,CSS
xx01069,テスト ユーザー69,29,9年9か月,Java,HTML,CSS
xx01070,テスト ユーザー70,30,0年10か月,Java,HTML,CSS
xx01071,テスト ユーザー71,31,1年11か月,Java,HTML,CSS
xx01072,テスト ユーザー72,32,2年0か月,Java,HTML,CSS
xx01073,テスト ユーザー73,33,3年1か月,Java,HTML,CSS
xx01074,テスト ユーザー74,34,4年2か月,Java,HTML,CSS
xx01075,テスト ユーザー75,35,5年3か月,Java,HTML,CSS
xx01076,テスト ユーザー76,36,6年4か月,Java,HTML,CSS
xx01077,テスト ユーザー77,37,7年5か月,Java,HTML,CSS
xx01078,テスト ユーザー78,38,8年6か月,Java,HTML,CSS
xx01079,テスト ユーザー79,39,9年7か月,Java,HTML,CSS
xx01080,テスト ユーザー80,40,0年8か月,Java,HTML,CSS
xx01081,テスト ユーザー81,41,1年9か月,Java,HTML,CSS
xx01082,テスト ユーザー82,42,2年10か月,Java,HTML,CSS
xx01083,テスト ユーザー83,43,3年11か月,Java,HTML,CSS
xx01084,テスト ユーザー84,44,4年0か月,Java,HTML,CSS
xx01085,テスト ユーザー85,45,5年1か月,Java,HTML,CSS
xx01086,テスト ユーザー86,46,6年2か月,Java,HTML,CSS
xx01087,テスト ユーザー87,47,7年3か月,Java,HTML,CSS
xx01088,テスト ユーザー88,48,8年4か月,Java,HTML,CSS
xx01089,テスト ユーザー89,49,9年5か月,Java,HTML,CSS
xx01090,テスト ユーザー90,20,0年6か月,Java,HTML,CSS
xx01091,テスト ユーザー91,21,1年7か月,Java,HTML,CSS
xx01092,テスト ユーザー92,22,2年8か月,Java,HTML,CSS
xx01093,テスト ユーザー93,23,3年9か月,Java,HTML,CSS
xx01094,テスト ユーザー94,24,4年10か月,Java,HTML,CSS
xx01095,テスト ユーザー95,25,5年11か月,Java,HTML,CSS
xx01096,テスト ユーザー96,26,6年0か月,Java,HTML,CSS
xx01097,テスト ユーザー97,27,7年1か月,Java,HTML,CSS
xx01098,テスト ユーザー98,28,8年2か月,Java,HTML,CSS
xx01099,テスト ユーザー99,29,9年3か月,Java,HTML,CSS
xx01100,テスト ユーザー100,30,0年4か月,Java,HTML,CSS
xx01101,テスト ユーザー101,31,1年5か月,Java,HTML,CSS
xx01102,テスト ユーザー102,32,2年6か月,Java,HTML,CSS
xx01103,テスト ユーザー103,33,3年7か月,Java,HTML,CSS
xx01104,テスト ユーザー104,34,4年8か月,Java,HTML,CSS
xx01105,テスト ユーザー105,35,5年9か月,Java,HTML,CSS
xx01106,テスト ユーザー106,36,6年10か月,Java,HTML,CSS
xx01107,テスト ユーザー107,37,7年11か月,Java,HTML,CSS
xx01108,テスト ユーザー108,38,8年0か月,Java,HTML,CSS
xx01109,テスト ユーザー109,39,9年1か月,Java,HTML,CSS
xx01110,テスト ユーザー110,40,0年2か月,Java,HTML,CSS
xx01111,テスト ユーザー111,41,1年3か月,Java,HTML,CSS
xx01112,テスト ユーザー112,42,2年4か月,Java,HTML,CSS
xx01113,テスト ユーザー113,43,3年5か月,Java,HTML,CSS
xx01114,テスト ユーザー114,44,4年6か月,Java,HTML,CSS
xx01115,テスト ユーザー115,45,5年7か月,Java,HTML,CSS
xx01116,テスト ユーザー116,46,6年8か月,Java,HTML,CSS
xx01117,テスト ユーザー117,47,7年9か月,Java,HTML,CSS
xx01118,テスト ユーザー118,48,8年10か月,Java,HTML,CSS
xx01119,テスト ユーザー119,49,9年11か月,Java,HTML,CSS
xx01120,テスト ユーザー120,20,0年0か月,Java,HTML,CSS
xx01121,テスト ユーザー121,21,1年1か月,Java,HTML,CSS
xx01122,テスト ユーザー122,22,2年2か月,Java,HTML,CSS
xx01123,テスト ユーザー123,23,3年3か月,Java,HTML,CSS
xx01124,テスト ユーザー124,24,4年4か月,Java,HTML,CSS
xx01125,テスト ユーザー125,25,5年5か月,Java,HTML,CSS
xx01126,テスト ユーザー126,26,6年6か月,Java,HTML,CSS
xx01127,テスト ユーザー127,27,7年7か月,Java,HTML,CSS
xx01128,テスト ユーザー128,28,8年8か月,Java,HTML,CSS
xx01129,テスト ユーザー129,29,9年9か月,Java,HTML,CSS
xx01130,テスト ユーザー130,30,0年10か月,Java,HTML,CSS
xx01131,テスト ユーザー131,31,1年11か月,Java,HTML,CSS
xx01132,テスト ユーザー132,32,2年0か月,Java,HTML,CSS
xx01133,テスト ユーザー133,33,3年1か月,Java,HTML,CSS
xx01134,テスト ユーザー134,34,4年2か月,Java,HTML,CSS
xx01135,テスト ユーザー135,35,5年3か月,Java,HTML,CSS
xx01136,テスト ユーザー136,36,6年4か月,Java,HTML,CSS
xx01137,テスト ユーザー137,37,7年5か月,Java,HTML,CSS
xx01138,テスト ユーザー138,38,8年6か月,Java,HTML,CSS
xx01139,テスト ユーザー139,39,9年7か月,Java,HTML,CSS
xx01140,テスト ユーザー140,40,0年8か月,Java,HTML,CSS
xx01141,テスト ユーザー141,41,1年9か月,Java,HTML,CSS
xx01142,テスト ユーザー142,42,2年10か月,Java,HTML,CSS
xx01143,テスト ユーザー143,43,3年11か月,Java,HTML,CSS
xx01144,テスト ユーザー144,44,4年0か月,Java,HTML,CSS
xx01145,テスト ユーザー145,45,5年1か月,Java,HTML,CSS
xx01146,テスト ユーザー146,46,6年2か月,Java,HTML,CSS
xx01147,テスト ユーザー147,47,7年3か月,Java,HTML,CSS
xx01148,テスト ユーザー148,48,8年4か月,Java,HTML,CSS
xx01149,テスト ユーザー149,49,9年5か月,Java,HTML,CSS
xx01150,テスト ユーザー150,20,0年6か月,Java,HTML,CSS
xx01151,テスト ユーザー151,21,1年7か月,Java,HTML,CSS
xx01152,テスト ユーザー152,22,2年8か月,Java,HTML,CSS
xx01153,テスト ユーザー153,23,3年9か月,Java,HTML,CSS
xx01154,テスト ユーザー154,24,4年10か月,Java,HTML,CSS
xx01155,テスト ユーザー155,25,5年11か月,Java,HTML,CSS
xx01156,テスト ユーザー156,26,6年0か月,Java,HTML,CSS
xx01157,テスト ユーザー157,27,7年1か月,Java,HTML,CSS
xx01158,テスト ユーザー158,28,8年2か月,Java,HTML,CSS
xx01159,テスト ユーザー159,29,9年3か月,Java,HTML,CSS
xx01160,テスト ユーザー160,30,0年4か月,Java,HTML,CSS
xx01161,テスト ユーザー161,31,1年5か月,Java,HTML,CSS
xx01162,テスト ユーザー162,32,2年6か月,Java,HTML,CSS
xx01163,テスト ユーザー163,33,3年7か月,Java,HTML,CSS
xx01164,テスト ユーザー164,34,4年8か月,Java,HTML,CSS
xx01165,テスト ユーザー165,35,5年9か月,Java,HTML,CSS
xx01166,テスト ユーザー166,36,6年10か月,Java,HTML,CSS
xx01167,テスト ユーザー167,37,7年11か月,Java,HTML,CSS
xx01168,テスト ユーザー168,38,8年0か月,Java,HTML,CSS
xx01169,テスト ユーザー169,39,9年1か月,Java,HTML,CSS
xx01170,テスト ユーザー170,40,0年2か月,Java,HTML,CSS
xx01171,テスト ユーザー171,41,1年3か月,Java,HTML,CSS
xx01172,テスト ユーザー172,42,2年4か月,Java,HTML,CSS
xx01173,テスト ユーザー173,43,3年5か月,Java,HTML,CSS
xx01174,テスト ユーザー174,44,4年6か月,Java,HTML,CSS
xx01175,テスト ユーザー175,45,5年7か月,Java,HTML,CSS
xx01176,テスト ユーザー176,46,6年8か月,Java,HTML,CSS
xx01177,テスト ユーザー177,47,7年9か月,Java,HTML,CSS
xx01178,テスト ユーザー178,48,8年10か月,Java,HTML,CSS
xx01179,テスト ユーザー179,49,9年11か月,Java,HTML,CSS
xx01180,テスト ユーザー180,20,0年0か月,Java,HTML,CSS
xx01181,テスト ユーザー181,21,1年1か月,Java,HTML,CSS
xx01182,テスト ユーザー182,22,2年2か月,Java,HTML,CSS
xx01183,テスト ユーザー183,23,3年3か月,Java,HTML,CSS
xx01184,テスト ユーザー184,24,4年4か月,Java,HTML,CSS
xx01185,テスト ユーザー185,25,5年5か月,Java,HTML,CSS
xx01186,テスト ユーザー186,26,6年6か月,Java,HTML,CSS
xx01187,テスト ユーザー187,27,7年7か月,Java,HTML,CSS
xx01188,テスト ユーザー188,28,8年8か月,Java,HTML,CSS
xx01189,テスト ユーザー189,29,9年9か月,Java,HTML,CSS
xx01190,テスト ユーザー190,30,0年10か月,Java,HTML,CSS
xx01191,テスト ユーザー191,31,1年11か月,Java,HTML,CSS
xx01192,テスト ユーザー192,32,2年0か月,Java,HTML,CSS
xx01193,テスト ユーザー193,33,3年1か月,Java,HTML,CSS
xx01194,テスト ユーザー194,34,4年2か月,Java,HTML,CSS
xx01195,テスト ユーザー195,35,5年3か月,Java,HTML,CSS
xx01196,テスト ユーザー196,36,6年4か月,Java,HTML,CSS
xx01197,テスト ユーザー197,37,7年5か月,Java,HTML,CSS
xx01198,テスト ユーザー198,38,8年6か月,Java,HTML,CSS
xx01199,テスト ユーザー199,39,9年7か月,Java,HTML,CSS
xx01200,テスト ユーザー200,40,0年8か月,Java,HTML,CSS
xx01201,テスト ユーザー201,41,1年9か月,Java,HTML,CSS
xx01202,テスト ユーザー202,42,2年10か月,Java,HTML,CSS
xx01203,テスト ユーザー203,43,3年11か月,Java,HTML,CSS
xx01204,テスト ユーザー204,44,4年0か月,Java,HTML,CSS
xx01205,テスト ユーザー205,45,5年1か月,Java,HTML,CSS
xx01206,テスト ユーザー206,46,6年2か月,Java,HTML,CSS
xx01207,テスト ユーザー207,47,7年3か月,Java,HTML,CSS
xx01208,テスト ユーザー208,48,8年4か月,Java,HTML,CSS
xx01209,テスト ユーザー209,49,9年5か月,Java,HTML,CSS
xx01210,テスト ユーザー210,20,0年6か月,Java,HTML,CSS
xx01211,テスト ユーザー211,21,1年7か月,Java,HTML,CSS
xx01212,テスト ユーザー212,22,2年8か月,Java,HTML,CSS
xx01213,テスト ユーザー213,23,3年9か月,Java,HTML,CSS
xx01214,テスト ユーザー214,24,4年10か月,Java,HTML,CSS
xx01215,テスト ユーザー215,25,5年11か月,Java,HTML,CSS
xx01216,テスト ユーザー216,26,6年0か月,Java,HTML,CSS
xx01217,テスト ユーザー217,27,7年1か月,Java,HTML,CSS
xx01218,テスト ユーザー218,28,8年2か月,Java,HTML,CSS
xx01219,テスト ユーザー219,29,9年3か月,Java,HTML,CSS
xx01220,テスト ユーザー220,30,0年4か月,Java,HTML,CSS
xx01221,テスト ユーザー221,31,1年5か月,Java,HTML,CSS
xx01222,テスト ユーザー222,32,2年6か月,Java,HTML,CSS
xx01223,テスト ユーザー223,33,3年7か月,Java,HTML,CSS
xx01224,テスト ユーザー224,34,4年8か月,Java,HTML,CSS
xx01225,テスト ユーザー225,35,5年9か月,Java,HTML,CSS
xx01226,テスト ユーザー226,36,6年10か月,Java,HTML,CSS
xx01227,テスト ユーザー227,37,7年11か月,Java,HTML,CSS
xx01228,テスト ユーザー228,38,8年0か月,Java,HTML,CSS
xx01229,テスト ユーザー229,39,9年1か月,Java,HTML,CSS
xx01230,テスト ユーザー230,40,0年2か月,Java,HTML,CSS
xx01231,テスト ユーザー231,41,1年3か月,Java,HTML,CSS
xx01232,テスト ユーザー232,42,2年4か月,Java,HTML,CSS
xx01233,テスト ユーザー233,43,3年5か月,Java,HTML,CSS
xx01234,テスト ユーザー234,44,4年6か月,Java,HTML,CSS
xx01235,テスト ユーザー235,45,5年7か月,Java,HTML,CSS
xx01236,テスト ユーザー236,46,6年8か月,Java,HTML,CSS
xx01237,テスト ユーザー237,47,7年9か月,Java,HTML,CSS
xx01238,テスト ユーザー238,48,8年10か月,Java,HTML,CSS
xx01239,テスト ユーザー239,49,9年11か月,Java,HTML,CSS
xx01240,テスト ユーザー240,20,0年0か月,Java,HTML,CSS
xx01241,テスト ユーザー241,21,1年1か月,Java,HTML,CSS
xx01242,テスト ユーザー242,22,2年2か月,Java,HTML,CSS
xx01243,テスト ユーザー243,23,3年3か月,Java,HTML,CSS
xx01244,テスト ユーザー244,24,4年4か月,Java,HTML,CSS
xx01245,テスト ユーザー245,25,5年5か月,Java,HTML,CSS
xx01246,テスト ユーザー246,26,6年6か月,Java,HTML,CSS
xx01247,テスト ユーザー247,27,7年7か月,Java,HTML,CSS
xx01248,テスト ユーザー248,28,8年8か月,Java,HTML,CSS
xx01249,テスト ユーザー249,29,9年9か月,Java,HTML,CSS
xx01250,テスト ユーザー250,30,0年10か月,Java,HTML,CSS
xx01251,テスト ユーザー251,31,1年11か月,Java,HTML,CSS
xx01252,テスト ユーザー252,32,2年0か月,Java,HTML,CSS
xx01253,テスト ユーザー253,33,3年1か月,Java,HTML,CSS
xx01254,テスト ユーザー254,34,4年2か月,Java,HTML,CSS
xx01255,テスト ユーザー255,35,5年3か月,Java,HTML,CSS
xx01256,テスト ユーザー256,36,6年4か月,Java,HTML,CSS
xx01257,テスト ユーザー257,37,7年5か月,Java,HTML,CSS
xx01258,テスト ユーザー258,38,8年6か月,Java,HTML,CSS
xx01259,テスト ユーザー259,39,9年7か月,Java,HTML,CSS
xx01260,テスト ユーザー260,40,0年8か月,Java,HTML,CSS
xx01261,テスト ユーザー261,41,1年9か月,Java,HTML,CSS
xx01262,テスト ユーザー262,42,2年10か月,Java,HTML,CSS
xx01263,テスト ユーザー263,43,3年11か月,Java,HTML,CSS
xx01264,テスト ユーザー264,44,4年0か月,Java,HTML,CSS
xx01265,テスト ユーザー265,45,5年1か月,Java,HTML,CSS
xx01266,テスト ユーザー266,46,6年2か月,Java,HTML,CSS
xx01267,テスト ユーザー267,47,7年3か月,Java,HTML,CSS
xx01268,テスト ユーザー268,48,8年4か月,Java,HTML,CSS
xx01269,テスト ユーザー269,49,9年5か月,Java,HTML,CSS
xx01270,テスト ユーザー270,20,0年6か月,Java,HTML,CSS
xx01271,テスト ユーザー271,21,1年7か月,Java,HTML,CSS
xx01272,テスト ユーザー272,22,2年8か月,Java,HTML,CSS
xx01273,テスト ユーザー273,23,3年9か月,Java,HTML,CSS
xx01274,テスト ユーザー274,24,4年10か月,Java,HTML,CSS
xx01275,テスト ユーザー275,25,5年11か月,Java,HTML,CSS
xx01276,テスト ユーザー276,26,6年0か月,Java,HTML,CSS
xx01277,テスト ユーザー277,27,7年1か月,Java,HTML,CSS
xx01278,テスト ユーザー278,28,8年2か月,Java,HTML,CSS
xx01279,テスト ユーザー279,29,9年3か月,Java,HTML,CSS
xx01280,テスト ユーザー280,30,0年4か月,Java,HTML,CSS
xx01281,テスト ユーザー281,31,1年5か月,Java,HTML,CSS
xx01282,テスト ユーザー282,32,2年6か月,Java,HTML,CSS
xx01283,テスト ユーザー283,33,3年7か月,Java,HTML,CSS
xx01284,テスト ユーザー284,34,4年8か月,Java,HTML,CSS
xx01285,テスト ユーザー285,35,5年9か月,Java,HTML,CSS
xx01286,テスト ユーザー286,36,6年10か月,Java,HTML,CSS
xx01287,テスト ユーザー287,37,7年11か月,Java,HTML,CSS
xx01288,テスト ユーザー288,38,8年0か月,Java,HTML,CSS
xx01289,テスト ユーザー289,39,9年1か月,Java,HTML,CSS
xx01290,テスト ユーザー290,40,0年2か月,Java,HTML,CSS
xx01291,テスト ユーザー291,41,1年3か月,Java,HTML,CSS
xx01292,テスト ユーザー292,42,2年4か月,Java,HTML,CSS
xx01293,テスト ユーザー293,43,3年5か月,Java,HTML,CSS
xx01294,テスト ユーザー294,44,4年6か月,Java,HTML,CSS
xx01295,テスト ユーザー295,45,5年7か月,Java,HTML,CSS
xx01296,テスト ユーザー296,46,6年8か月,Java,HTML,CSS
xx01297,テスト ユーザー297,47,7年9か月,Java,HTML,CSS
xx01298,テスト ユーザー298,48,8年10か月,Java,HTML,CSS
xx01299,テスト ユーザー299,49,9年11か月,Java,HTML,CSS
xx01300,テスト ユーザー300,20,0年0か月,Java,HTML,CSS
xx01301,テスト ユーザー301,21,1年1か月,Java,HTML,CSS
xx01302,テスト ユーザー302,22,2年2か月,Java,HTML,CSS
xx01303,テスト ユーザー303,23,3年3か月,Java,HTML,CSS
xx01304,テスト ユーザー304,24,4年4か月,Java,HTML,CSS
xx01305,テスト ユーザー305,25,5年5か月,Java,HTML,CSS
xx01306,テスト ユーザー306,26,6年6か月,Java,HTML,CSS
xx01307,テスト ユーザー307,27,7年7か月,Java,HTML,CSS
xx01308,テスト ユーザー308,28,8年8か月,Java,HTML,CSS
xx01309,テスト ユーザー309,29,9年9か月,Java,HTML,CSS
xx01310,テスト ユーザー310,30,0年10か月,Java,HTML,CSS
xx01311,テスト ユーザー311,31,1年11か月,Java,HTML,CSS
xx01312,テスト ユーザー312,32,2年0か月,Java,HTML,CSS
xx01313,テスト ユーザー313,33,3年1か月,Java,HTML,CSS
xx01314,テスト ユーザー314,34,4年2か月,Java,HTML,CSS
xx01315,テスト ユーザー315,35,5年3か月,Java,HTML,CSS
xx01316,テスト ユーザー316,36,6年4か月,Java,HTML,CSS
xx01317,テスト ユーザー317,37,7年5か月,Java,HTML,CSS
xx01318,テスト ユーザー318,38,8年6か月,Java,HTML,CSS
xx01319,テスト ユーザー319,39,9年7か月,Java,HTML,CSS
xx01320,テスト ユーザー320,40,0年8か月,Java,HTML,CSS
xx01321,テスト ユーザー321,41,1年9か月,Java,HTML,CSS
xx01322,テスト ユーザー322,42,2年10か月,Java,HTML,CSS
xx01323,テスト ユーザー323,43,3年11か月,Java,HTML,CSS
xx01324,テスト ユーザー324,44,4年0か月,Java,HTML,CSS
xx01325,テスト ユーザー325,45,5年1か月,Java,HTML,CSS
xx01326,テスト ユーザー326,46,6年2か月,Java,HTML,CSS
xx01327,テスト ユーザー327,47,7年3か月,Java,HTML,CSS
xx01328,テスト ユーザー328,48,8年4か月,Java,HTML,CSS
xx01329,テスト ユーザー329,49,9年5か月,Java,HTML,CSS
xx01330,テスト ユーザー330,20,0年6か月,Java,HTML,CSS
xx01331,テスト ユーザー331,21,1年7か月,Java,HTML,CSS
xx01332,テスト ユーザー332,22,2年8か月,Java,HTML,CSS
xx01333,テスト ユーザー333,23,3年9か月,Java,HTML,CSS
xx01334,テスト ユーザー334,24,4年10か月,Java,HTML,CSS
xx01335,テスト ユーザー335,25,5年11か月,Java,HTML,CSS
xx01336,テスト ユーザー336,26,6年0か月,Java,HTML,CSS
xx01337,テスト ユーザー337,27,7年1か月,Java,HTML,CSS
xx01338,テスト ユーザー338,28,8年2か月,Java,HTML,CSS
xx01339,テスト ユーザー339,29,9年3か月,Java,HTML,CSS
xx01340,テスト ユーザー340,30,0年4か月,Java,HTML,CSS
xx01341,テスト ユーザー341,31,1年5か月,Java,HTML,CSS
xx01342,テスト ユーザー342,32,2年6か月,Java,HTML,CSS
xx01343,テスト ユーザー343,33,3年7か月,Java,HTML,CSS
xx01344,テスト ユーザー344,34,4年8か月,Java,HTML,CSS
xx01345,テスト ユーザー345,35,5年9か月,Java,HTML,CSS
xx01346,テスト ユーザー346,36,6年10か月,Java,HTML,CSS
xx01347,テスト ユーザー347,37,7年11か月,Java,HTML,CSS
xx01348,テスト ユーザー348,38,8年0か月,Java,HTML,CSS
xx01349,テスト ユーザー349,39,9年1か月,Java,HTML,CSS
xx01350,テスト ユーザー350,40,0年2か月,Java,HTML,CSS
xx01351,テスト ユーザー351,41,1年3か月,Java,HTML,CSS
xx01352,テスト ユーザー352,42,2年4か月,Java,HTML,CSS
xx01353,テスト ユーザー353,43,3年5か月,Java,HTML,CSS
xx01354,テスト ユーザー354,44,4年6か月,Java,HTML,CSS
xx01355,テスト ユーザー355,45,5年7か月,Java,HTML,CSS
xx01356,テスト ユーザー356,46,6年8か月,Java,HTML,CSS
xx01357,テスト ユーザー357,47,7年9か月,Java,HTML,CSS
xx01358,テスト ユーザー358,48,8年10か月,Java,HTML,CSS
xx01359,テスト ユーザー359,49,9年11か月,Java,HTML,CSS
xx01360,テスト ユーザー360,20,0年0か月,Java,HTML,CSS
xx01361,テスト ユーザー361,21,1年1か月,Java,HTML,CSS
xx01362,テスト ユーザー362,22,2年2か月,Java,HTML,CSS
xx01363,テスト ユーザー363,23,3年3か月,Java,HTML,CSS
xx01364,テスト ユーザー364,24,4年4か月,Java,HTML,CSS
xx01365,テスト ユーザー365,25,5年5か月,Java,HTML,CSS
xx01366,テスト ユーザー366,26,6年6か月,Java,HTML,CSS
xx01367,テスト ユーザー367,27,7年7か月,Java,HTML,CSS
xx01368,テスト ユーザー368,28,8年8か月,Java,HTML,CSS
xx01369,テスト ユーザー369,29,9年9か月,Java,HTML,CSS
xx01370,テスト ユーザー370,30,0年10か月,Java,HTML,CSS
xx01371,テスト ユーザー371,31,1年11か月,Java,HTML,CSS
xx01372,テスト ユーザー372,32,2年0か月,Java,HTML,CSS
xx01373,テスト ユーザー373,33,3年1か月,Java,HTML,CSS
xx01374,テスト ユーザー374,34,4年2か月,Java,HTML,CSS
xx01375,テスト ユーザー375,35,5年3か月,Java,HTML,CSS
xx01376,テスト ユーザー376,36,6年4か月,Java,HTML,CSS
xx01377,テスト ユーザー377,37,7年5か月,Java,HTML,CSS
xx01378,テスト ユーザー378,38,8年6か月,Java,HTML,CSS
xx01379,テスト ユーザー379,39,9年7か月,Java,HTML,CSS
xx01380,テスト ユーザー380,40,0年8か月,Java,HTML,CSS
xx01381,テスト ユーザー381,41,1年9か月,Java,HTML,CSS
xx01382,テスト ユーザー382,42,2年10か月,Java,HTML,CSS
xx01383,テスト ユーザー383,43,3年11か月,Java,HTML,CSS
xx01384,テスト ユーザー384,44,4年0か月,Java,HTML,CSS
xx01385,テスト ユーザー385,45,5年1か月,Java,HTML,CSS
xx01386,テスト ユーザー386,46,6年2か月,Java,HTML,CSS
xx01387,テスト ユーザー387,47,7年3か月,Java,HTML,CSS
xx01388,テスト ユーザー388,48,8年4か月,Java,HTML,CSS
xx01389,テスト ユーザー389,49,9年5か月,Java,HTML,CSS
xx01390,テスト ユーザー390,20,0年6か月,Java,HTML,CSS
xx01391,テスト ユーザー391,21,1年7か月,Java,HTML,CSS
xx01392,テスト ユーザー392,22,2年8か月,Java,HTML,CSS
xx01393,テスト ユーザー393,23,3年9か月,Java,HTML,CSS
xx01394,テスト ユーザー394,24,4年10か月,Java,HTML,CSS
xx01395,テスト ユーザー395,25,5年11か月,Java,HTML,CSS
xx01396,テスト ユーザー396,26,6年0か月,Java,HTML,CSS
xx01397,テスト ユーザー397,27,7年1か月,Java,HTML,CSS
xx01398,テスト ユーザー398,28,8年2か月,Java,HTML,CSS
xx01399,テスト ユーザー399,29,9年3か月,Java,HTML,CSS
xx01400,テスト ユーザー400,30,0年4か月,Java,HTML,CSS
xx01401,テスト ユーザー401,31,1年5か月,Java,HTML,CSS
xx01402,テスト ユーザー402,32,2年6か月,Java,HTML,CSS
xx01403,テスト ユーザー403,33,3年7か月,Java,HTML,CSS
xx01404,テスト ユーザー404,34,4年8か月,Java,HTML,CSS
xx01405,テスト ユーザー405,35,5年9か月,Java,HTML,CSS
xx01406,テスト ユーザー406,36,6年10か月,Java,HTML,CSS
xx01407,テスト ユーザー407,37,7年11か月,Java,HTML,CSS
xx01408,テスト ユーザー408,38,8年0か月,Java,HTML,CSS
xx01409,テスト ユーザー409,39,9年1か月,Java,HTML,CSS
xx01410,テスト ユーザー410,40,0年2か月,Java,HTML,CSS
xx01411,テスト ユーザー411,41,1年3か月,Java,HTML,CSS
xx01412,テスト ユーザー412,42,2年4か月,Java,HTML,CSS
xx01413,テスト ユーザー413,43,3年5か月,Java,HTML,CSS
xx01414,テスト ユーザー414,44,4年6か月,Java,HTML,CSS
xx01415,テスト ユーザー415,45,5年7か月,Java,HTML,CSS
xx01416,テスト ユーザー416,46,6年8か月,Java,HTML,CSS
xx01417,テスト ユーザー417,47,7年9か月,Java,HTML,CSS
xx01418,テスト ユーザー418,48,8年10か月,Java,HTML,CSS
xx01419,テスト ユーザー419,49,9年11か月,Java,HTML,CSS
xx01420,テスト ユーザー420,20,0年0か月,Java,HTML,CSS
xx01421,テスト ユーザー421,21,1年1か月,Java,HTML,CSS
xx01422,テスト ユーザー422,22,2年2か月,Java,HTML,CSS
xx01423,テスト ユーザー423,23,3年3か月,Java,HTML,CSS
xx01424,テスト ユーザー424,24,4年4か月,Java,HTML,CSS
xx01425,テスト ユーザー425,25,5年5か月,Java,HTML,CSS
xx01426,テスト ユーザー426,26,6年6か月,Java,HTML,CSS
xx01427,テスト ユーザー427,27,7年7か月,Java,HTML,CSS
xx01428,テスト ユーザー428,28,8年8か月,Java,HTML,CSS
xx01429,テスト ユーザー429,29,9年9か月,Java,HTML,CSS
xx01430,テスト ユーザー430,30,0年10か月,Java,HTML,CSS
xx01431,テスト ユーザー431,31,1年11か月,Java,HTML,CSS
xx01432,テスト ユーザー432,32,2年0か月,Java,HTML,CSS
xx01433,テスト ユーザー433,33,3年1か月,Java,HTML,CSS
xx01434,テスト ユーザー434,34,4年2か月,Java,HTML,CSS
xx01435,テスト ユーザー435,35,5年3か月,Java,HTML,CSS
xx01436,テスト ユーザー436,36,6年4か月,Java,HTML,CSS
xx01437,テスト ユーザー437,37,7年5か月,Java,HTML,CSS
xx01438,テスト ユーザー438,38,8年6か月,Java,HTML,CSS
xx01439,テスト ユーザー439,39,9年7か月,Java,HTML,CSS
xx01440,テスト ユーザー440,40,0年8か月,Java,HTML,CSS
xx01441,テスト ユーザー441,41,1年9か月,Java,HTML,CSS
xx01442,テスト ユーザー442,42,2年10か月,Java,HTML,CSS
xx01443,テスト ユーザー443,43,3年11か月,Java,HTML,CSS
xx01444,テスト ユーザー444,44,4年0か月,Java,HTML,CSS
xx01445,テスト ユーザー445,45,5年1か月,Java,HTML,CSS
xx01446,テスト ユーザー446,46,6年2か月,Java,HTML,CSS
xx01447,テスト ユーザー447,47,7年3か月,Java,HTML,CSS
xx01448,テスト ユーザー448,48,8年4か月,Java,HTML,CSS
xx01449,テスト ユーザー449,49,9年5か月,Java,HTML,CSS
xx01450,テスト ユーザー450,20,0年6か月,Java,HTML,CSS
xx01451,テスト ユーザー451,21,1年7か月,Java,HTML,CSS
xx01452,テスト ユーザー452,22,2年8か月,Java,HTML,CSS
xx01453,テスト ユーザー453,23,3年9か月,Java,HTML,CSS
xx01454,テスト ユーザー454,24,4年10か月,Java,HTML,CSS
xx01455,テスト ユーザー455,25,5年11か月,Java,HTML,CSS
xx01456,テスト ユーザー456,26,6年0か月,Java,HTML,CSS
xx01457,テスト ユーザー457,27,7年1か月,Java,HTML,CSS
xx01458,テスト ユーザー458,28,8年2か月,Java,HTML,CSS
xx01459,テスト ユーザー459,29,9年3か月,Java,HTML,CSS
xx01460,テスト ユーザー460,30,0年4か月,Java,HTML,CSS
xx01461,テスト ユーザー461,31,1年5か月,Java,HTML,CSS
xx01462,テスト ユーザー462,32,2年6か月,Java,HTML,CSS
xx01463,テスト ユーザー463,33,3年7か月,Java,HTML,CSS
xx01464,テスト ユーザー464,34,4年8か月,Java,HTML,CSS
xx01465,テスト ユーザー465,35,5年9か月,Java,HTML,CSS
xx01466,テスト ユーザー466,36,6年10か月,Java,HTML,CSS
xx01467,テスト ユーザー467,37,7年11か月,Java,HTML,CSS
xx01468,テスト ユーザー468,38,8年0か月,Java,HTML,CSS
xx01469,テスト ユーザー469,39,9年1か月,Java,HTML,CSS
xx01470,テスト ユーザー470,40,0年2か月,Java,HTML,CSS
xx01471,テスト ユーザー471,41,1年3か月,Java,HTML,CSS
xx01472,テスト ユーザー472,42,2年4か月,Java,HTML,CSS
xx01473,テスト ユーザー473,43,3年5か月,Java,HTML,CSS
xx01474,テスト ユーザー474,44,4年6か月,Java,HTML,CSS
xx01475,テスト ユーザー475,45,5年7か月,Java,HTML,CSS
xx01476,テスト ユーザー476,46,6年8か月,Java,HTML,CSS
xx01477,テスト ユーザー477,47,7年9か月,Java,HTML,CSS
xx01478,テスト ユーザー478,48,8年10か月,Java,HTML,CSS
xx01479,テスト ユーザー479,49,9年11か月,Java,HTML,CSS
xx01480,テスト ユーザー480,20,0年0か月,Java,HTML,CSS
xx01481,テスト ユーザー481,21,1年1か月,Java,HTML,CSS
xx01482,テスト ユーザー482,22,2年2か月,Java,HTML,CSS
xx01483,テスト ユーザー483,23,3年3か月,Java,HTML,CSS
xx01484,テスト ユーザー484,24,4年4か月,Java,HTML,CSS
xx01485,テスト ユーザー485,25,5年5か月,Java,HTML,CSS
xx01486,テスト ユーザー486,26,6年6か月,Java,HTML,CSS
xx01487,テスト ユーザー487,27,7年7か月,Java,HTML,CSS
xx01488,テスト ユーザー488,28,8年8か月,Java,HTML,CSS
xx01489,テスト ユーザー489,29,9年9か月,Java,HTML,CSS
xx01490,テスト ユーザー490,30,0年10か月,Java,HTML,CSS
xx01491,テスト ユーザー491,31,1年11か月,Java,HTML,CSS
xx01492,テスト ユーザー492,32,2年0か月,Java,HTML,CSS
xx01493,テスト ユーザー493,33,3年1か月,Java,HTML,CSS
xx01494,テスト ユーザー494,34,4年2か月,Java,HTML,CSS
xx01495,テスト ユーザー495,35,5年3か月,Java,HTML,CSS
xx01496,テスト ユーザー496,36,6年4か月,Java,HTML,CSS
xx01497,テスト ユーザー497,37,7年5か月,Java,HTML,CSS
xx01498,テスト ユーザー498,38,8年6か月,Java,HTML,CSS
xx01499,テスト ユーザー499,39,9年7か月,Java,HTML,CSS
xx01500,テスト ユーザー500,40,0年8か月,Java,HTML,CSS
xx01501,テスト ユーザー501,41,1年9か月,Java,HTML,CSS
xx01502,テスト ユーザー502,42,2年10か月,Java,HTML,CSS
xx01503,テスト ユーザー503,43,3年11か月,Java,HTML,CSS
xx01504,テスト ユーザー504,44,4年0か月,Java,HTML,CSS
xx01505,テスト ユーザー505,45,5年1か月,Java,HTML,CSS
xx01506,テスト ユーザー506,46,6年2か月,Java,HTML,CSS
xx01507,テスト ユーザー507,47,7年3か月,Java,HTML,CSS
xx01508,テスト ユーザー508,48,8年4か月,Java,HTML,CSS
xx01509,テスト ユーザー509,49,9年5か月,Java,HTML,CSS
xx01510,テスト ユーザー510,20,0年6か月,Java,HTML,CSS
xx01511,テスト ユーザー511,21,1年7か月,Java,HTML,CSS
xx01512,テスト ユーザー512,22,2年8か月,Java,HTML,CSS
xx01513,テスト ユーザー513,23,3年9か月,Java,HTML,CSS
xx01514,テスト ユーザー514,24,4年10か月,Java,HTML,CSS
xx01515,テスト ユーザー515,25,5年11か月,Java,HTML,CSS
xx01516,テスト ユーザー516,26,6年0か月,Java,HTML,CSS
xx01517,テスト ユーザー517,27,7年1か月,Java,HTML,CSS
xx01518,テスト ユーザー518,28,8年2か月,Java,HTML,CSS
xx01519,テスト ユーザー519,29,9年3か月,Java,HTML,CSS
xx01520,テスト ユーザー520,30,0年4か月,Java,HTML,CSS
xx01521,テスト ユーザー521,31,1年5か月,Java,HTML,CSS
xx01522,テスト ユーザー522,32,2年6か月,Java,HTML,CSS
xx01523,テスト ユーザー523,33,3年7か月,Java,HTML,CSS
xx01524,テスト ユーザー524,34,4年8か月,Java,HTML,CSS
xx01525,テスト ユーザー525,35,5年9か月,Java,HTML,CSS
xx01526,テスト ユーザー526,36,6年10か月,Java,HTML,CSS
xx01527,テスト ユーザー527,37,7年11か月,Java,HTML,CSS
xx01528,テスト ユーザー528,38,8年0か月,Java,HTML,CSS
xx01529,テスト ユーザー529,39,9年1か月,Java,HTML,CSS
xx01530,テスト ユーザー530,40,0年2か月,Java,HTML,CSS
xx01531,テスト ユーザー531,41,1年3か月,Java,HTML,CSS
xx01532,テスト ユーザー532,42,2年4か月,Java,HTML,CSS
xx01533,テスト ユーザー533,43,3年5か月,Java,HTML,CSS
xx01534,テスト ユーザー534,44,4年6か月,Java,HTML,CSS
xx01535,テスト ユーザー535,45,5年7か月,Java,HTML,CSS
xx01536,テスト ユーザー536,46,6年8か月,Java,HTML,CSS
xx01537,テスト ユーザー537,47,7年9か月,Java,HTML,CSS
xx01538,テスト ユーザー538,48,8年10か月,Java,HTML,CSS
xx01539,テスト ユーザー539,49,9年11か月,Java,HTML,CSS
xx01540,テスト ユーザー540,20,0年0か月,Java,HTML,CSS
xx01541,テスト ユーザー541,21,1年1か月,Java,HTML,CSS
xx01542,テスト ユーザー542,22,2年2か月,Java,HTML,CSS
xx01543,テスト ユーザー543,23,3年3か月,Java,HTML,CSS
xx01544,テスト ユーザー544,24,4年4か月,Java,HTML,CSS
xx01545,テスト ユーザー545,25,5年5か月,Java,HTML,CSS
xx01546,テスト ユーザー546,26,6年6か月,Java,HTML,CSS
xx01547,テスト ユーザー547,27,7年7か月,Java,HTML,CSS
xx01548,テスト ユーザー548,28,8年8か月,Java,HTML,CSS
xx01549,テスト ユーザー549,29,9年9か月,Java,HTML,CSS
xx01550,テスト ユーザー550,30,0年10か月,Java,HTML,CSS
xx01551,テスト ユーザー551,31,1年11か月,Java,HTML,CSS
xx01552,テスト ユーザー552,32,2年0か月,Java,HTML,CSS
xx01553,テスト ユーザー553,33,3年1か月,Java,HTML,CSS
xx01554,テスト ユーザー554,34,4年2か月,Java,HTML,CSS
xx01555,テスト ユーザー555,35,5年3か月,Java,HTML,CSS
xx01556,テスト ユーザー556,36,6年4か月,Java,HTML,CSS
xx01557,テスト ユーザー557,37,7年5か月,Java,HTML,CSS
xx01558,テスト ユーザー558,38,8年6か月,Java,HTML,CSS
xx01559,テスト ユーザー559,39,9年7か月,Java,HTML,CSS
xx01560,テスト ユーザー560,40,0年8か月,Java,HTML,CSS
xx01561,テスト ユーザー561,41,1年9か月,Java,HTML,CSS
xx01562,テスト ユーザー562,42,2年10か月,Java,HTML,CSS
xx01563,テスト ユーザー563,43,3年11か月,Java,HTML,CSS
xx01564,テスト ユーザー564,44,4年0か月,Java,HTML,CSS
xx01565,テスト ユーザー565,45,5年1か月,Java,HTML,CSS
xx01566,テスト ユーザー566,46,6年2か月,Java,HTML,CSS
xx01567,テスト ユーザー567,47,7年3か月,Java,HTML,CSS
xx01568,テスト ユーザー568,48,8年4か月,Java,HTML,CSS
xx01569,テスト ユーザー569,49,9年5か月,Java,HTML,CSS
xx01570,テスト ユーザー570,20,0年6か月,Java,HTML,CSS
xx01571,テスト ユーザー571,21,1年7か月,Java,HTML,CSS
xx01572,テスト ユーザー572,22,2年8か月,Java,HTML,CSS
xx01573,テスト ユーザー573,23,3年9か月,Java,HTML,CSS
xx01574,テスト ユーザー574,24,4年10か月,Java,HTML,CSS
xx01575,テスト ユーザー575,25,5年11か月,Java,HTML,CSS
xx01576,テスト ユーザー576,26,6年0か月,Java,HTML,CSS
xx01577,テスト ユーザー577,27,7年1か月,Java,HTML,CSS
xx01578,テスト ユーザー578,28,8年2か月,Java,HTML,CSS
xx01579,テスト ユーザー579,29,9年3か月,Java,HTML,CSS
xx01580,テスト ユーザー580,30,0年4か月,Java,HTML,CSS
xx01581,テスト ユーザー581,31,1年5か月,Java,HTML,CSS
xx01582,テスト ユーザー582,32,2年6か月,Java,HTML,CSS
xx01583,テスト ユーザー583,33,3年7か月,Java,HTML,CSS
xx01584,テスト ユーザー584,34,4年8か月,Java,HTML,CSS
xx01585,テスト ユーザー585,35,5年9か月,Java,HTML,CSS
xx01586,テスト ユーザー586,36,6年10か月,Java,HTML,CSS
xx01587,テスト ユーザー587,37,7年11か月,Java,HTML,CSS
xx01588,テスト ユーザー588,38,8年0か月,Java,HTML,CSS
xx01589,テスト ユーザー589,39,9年1か月,Java,HTML,CSS
xx01590,テスト ユーザー590,40,0年2か月,Java,HTML,CSS
xx01591,テスト ユーザー591,41,1年3か月,Java,HTML,CSS
xx01592,テスト ユーザー592,42,2年4か月,Java,HTML,CSS
xx01593,テスト ユーザー593,43,3年5か月,Java,HTML,CSS
xx01594,テスト ユーザー594,44,4年6か月,Java,HTML,CSS
xx01595,テスト ユーザー595,45,5年7か月,Java,HTML,CSS
xx01596,テスト ユーザー596,46,6年8か月,Java,HTML,CSS
xx01597,テスト ユーザー597,47,7年9か月,Java,HTML,CSS
xx01598,テスト ユーザー598,48,8年10か月,Java,HTML,CSS
xx01599,テスト ユーザー599,49,9年11か月,Java,HTML,CSS
xx01600,テスト ユーザー600,20,0年0か月,Java,HTML,CSS
xx01601,テスト ユーザー601,21,1年1か月,Java,HTML,CSS
xx01602,テスト ユーザー602,22,2年2か月,Java,HTML,CSS
xx01603,テスト ユーザー603,23,3年3か月,Java,HTML,CSS
xx01604,テスト ユーザー604,24,4年4か月,Java,HTML,CSS
xx01605,テスト ユーザー605,25,5年5か月,Java,HTML,CSS
xx01606,テスト ユーザー606,26,6年6か月,Java,HTML,CSS
xx01607,テスト ユーザー607,27,7年7か月,Java,HTML,CSS
xx01608,テスト ユーザー608,28,8年8か月,Java,HTML,CSS
xx01609,テスト ユーザー609,29,9年9か月,Java,HTML,CSS
xx01610,テスト ユーザー610,30,0年10か月,Java,HTML,CSS
xx01611,テスト ユーザー611,31,1年11か月,Java,HTML,CSS
xx01612,テスト ユーザー612,32,2年0か月,Java,HTML,CSS
xx01613,テスト ユーザー613,33,3年1か月,Java,HTML,CSS
xx01614,テスト ユーザー614,34,4年2か月,Java,HTML,CSS
xx01615,テスト ユーザー615,35,5年3か月,Java,HTML,CSS
xx01616,テスト ユーザー616,36,6年4か月,Java,HTML,CSS
xx01617,テスト ユーザー617,37,7年5か月,Java,HTML,CSS
xx01618,テスト ユーザー618,38,8年6か月,Java,HTML,CSS
xx01619,テスト ユーザー619,39,9年7か月,Java,HTML,CSS
xx01620,テスト ユーザー620,40,0年8か月,Java,HTML,CSS
xx01621,テスト ユーザー621,41,1年9か月,Java,HTML,CSS
xx01622,テスト ユーザー622,42,2年10か月,Java,HTML,CSS
xx01623,テスト ユーザー623,43,3年11か月,Java,HTML,CSS
xx01624,テスト ユーザー624,44,4年0か月,Java,HTML,CSS
xx01625,テスト ユーザー625,45,5年1か月,Java,HTML,CSS
xx01626,テスト ユーザー626,46,6年2か月,Java,HTML,CSS
xx01627,テスト ユーザー627,47,7年3か月,Java,HTML,CSS
xx01628,テスト ユーザー628,48,8年4か月,Java,HTML,CSS
xx01629,テスト ユーザー629,49,9年5か月,Java,HTML,CSS
xx01630,テスト ユーザー630,20,0年6か月,Java,HTML,CSS
xx01631,テスト ユーザー631,21,1年7か月,Java,HTML,CSS
xx01632,テスト ユーザー632,22,2年8か月,Java,HTML,CSS
xx01633,テスト ユーザー633,23,3年9か月,Java,HTML,CSS
xx01634,テスト ユーザー634,24,4年10か月,Java,HTML,CSS
xx01635,テスト ユーザー635,25,5年11か月,Java,HTML,CSS
xx01636,テスト ユーザー636,26,6年0か月,Java,HTML,CSS
xx01637,テスト ユーザー637,27,7年1か月,Java,HTML,CSS
xx01638,テスト ユーザー638,28,8年2か月,Java,HTML,CSS
xx01639,テスト ユーザー639,29,9年3か月,Java,HTML,CSS
xx01640,テスト ユーザー640,30,0年4か月,Java,HTML,CSS
xx01641,テスト ユーザー641,31,1年5か月,Java,HTML,CSS
xx01642,テスト ユーザー642,32,2年6か月,Java,HTML,CSS
xx01643,テスト ユーザー643,33,3年7か月,Java,HTML,CSS
xx01644,テスト ユーザー644,34,4年8か月,Java,HTML,CSS
xx01645,テスト ユーザー645,35,5年9か月,Java,HTML,CSS
xx01646,テスト ユーザー646,36,6年10か月,Java,HTML,CSS
xx01647,テスト ユーザー647,37,7年11か月,Java,HTML,CSS
xx01648,テスト ユーザー648,38,8年0か月,Java,HTML,CSS
xx01649,テスト ユーザー649,39,9年1か月,Java,HTML,CSS
xx01650,テスト ユーザー650,40,0年2か月,Java,HTML,CSS
xx01651,テスト ユーザー651,41,1年3か月,Java,HTML,CSS
xx01652,テスト ユーザー652,42,2年4か月,Java,HTML,CSS
xx01653,テスト ユーザー653,43,3年5か月,Java,HTML,CSS
xx01654,テスト ユーザー654,44,4年6か月,Java,HTML,CSS
xx01655,テスト ユーザー655,45,5年7か月,Java,HTML,CSS
xx01656,テスト ユーザー656,46,6年8か月,Java,HTML,CSS
xx01657,テスト ユーザー657,47,7年9か月,Java,HTML,CSS
xx01658,テスト ユーザー658,48,8年10か月,Java,HTML,CSS
xx01659,テスト ユーザー659,49,9年11か月,Java,HTML,CSS
xx01660,テスト ユーザー660,20,0年0か月,Java,HTML,CSS
xx01661,テスト ユーザー661,21,1年1か月,Java,HTML,CSS
xx01662,テスト ユーザー662,22,2年2か月,Java,HTML,CSS
xx01663,テスト ユーザー663,23,3年3か月,Java,HTML,CSS
xx01664,テスト ユーザー664,24,4年4か月,Java,HTML,CSS
xx01665,テスト ユーザー665,25,5年5か月,Java,HTML,CSS
xx01666,テスト ユーザー666,26,6年6か月,Java,HTML,CSS
xx01667,テスト ユーザー667,27,7年7か月,Java,HTML,CSS
xx01668,テスト ユーザー668,28,8年8か月,Java,HTML,CSS
xx01669,テスト ユーザー669,29,9年9か月,Java,HTML,CSS
xx01670,テスト ユーザー670,30,0年10か月,Java,HTML,CSS
xx01671,テスト ユーザー671,31,1年11か月,Java,HTML,CSS
xx01672,テスト ユーザー672,32,2年0か月,Java,HTML,CSS
xx01673,テスト ユーザー673,33,3年1か月,Java,HTML,CSS
xx01674,テスト ユーザー674,34,4年2か月,Java,HTML,CSS
xx01675,テスト ユーザー675,35,5年3か月,Java,HTML,CSS
xx01676,テスト ユーザー676,36,6年4か月,Java,HTML,CSS
xx01677,テスト ユーザー677,37,7年5か月,Java,HTML,CSS
xx01678,テスト ユーザー678,38,8年6か月,Java,HTML,CSS
xx01679,テスト ユーザー679,39,9年7か月,Java,HTML,CSS
xx01680,テスト ユーザー680,40,0年8か月,Java,HTML,CSS
xx01681,テスト ユーザー681,41,1年9か月,Java,HTML,CSS
xx01682,テスト ユーザー682,42,2年10か月,Java,HTML,CSS
xx01683,テスト ユーザー683,43,3年11か月,Java,HTML,CSS
xx01684,テスト ユーザー684,44,4年0か月,Java,HTML,CSS
xx01685,テスト ユーザー685,45,5年1か月,Java,HTML,CSS
xx01686,テスト ユーザー686,46,6年2か月,Java,HTML,CSS
xx01687,テスト ユーザー687,47,7年3か月,Java,HTML,CSS
xx01688,テスト ユーザー688,48,8年4か月,Java,HTML,CSS
xx01689,テスト ユーザー689,49,9年5か月,Java,HTML,CSS
xx01690,テスト ユーザー690,20,0年6か月,Java,HTML,CSS
xx01691,テスト ユーザー691,21,1年7か月,Java,HTML,CSS
xx01692,テスト ユーザー692,22,2年8か月,Java,HTML,CSS
xx01693,テスト ユーザー693,23,3年9か月,Java,HTML,CSS
xx01694,テスト ユーザー694,24,4年10か月,Java,HTML,CSS
xx01695,テスト ユーザー695,25,5年11か月,Java,HTML,CSS
xx01696,テスト ユーザー696,26,6年0か月,Java,HTML,CSS
xx01697,テスト ユーザー697,27,7年1か月,Java,HTML,CSS
xx01698,テスト ユーザー698,28,8年2か月,Java,HTML,CSS
xx01699,テスト ユーザー699,29,9年3か月,Java,HTML,CSS
xx01700,テスト ユーザー700,30,0年4か月,Java,HTML,CSS
xx01701,テスト ユーザー701,31,1年5か月,Java,HTML,CSS
xx01702,テスト ユーザー702,32,2年6か月,Java,HTML,CSS
xx01703,テスト ユーザー703,33,3年7か月,Java,HTML,CSS
xx01704,テスト ユーザー704,34,4年8か月,Java,HTML,CSS
xx01705,テスト ユーザー705,35,5年9か月,Java,HTML,CSS
xx01706,テスト ユーザー706,36,6年10か月,Java,HTML,CSS
xx01707,テスト ユーザー707,37,7年11か月,Java,HTML,CSS
xx01708,テスト ユーザー708,38,8年0か月,Java,HTML,CSS
xx01709,テスト ユーザー709,39,9年1か月,Java,HTML,CSS
xx01710,テスト ユーザー710,40,0年2か月,Java,HTML,CSS
xx01711,テスト ユーザー711,41,1年3か月,Java,HTML,CSS
xx01712,テスト ユーザー712,42,2年4か月,Java,HTML,CSS
xx01713,テスト ユーザー713,43,3年5か月,Java,HTML,CSS
xx01714,テスト ユーザー714,44,4年6か月,Java,HTML,CSS
xx01715,テスト ユーザー715,45,5年7か月,Java,HTML,CSS
xx01716,テスト ユーザー716,46,6年8か月,Java,HTML,CSS
xx01717,テスト ユーザー717,47,7年9か月,Java,HTML,CSS
xx01718,テスト ユーザー718,48,8年10か月,Java,HTML,CSS
xx01719,テスト ユーザー719,49,9年11か月,Java,HTML,CSS
xx01720,テスト ユーザー720,20,0年0か月,Java,HTML,CSS
xx01721,テスト ユーザー721,21,1年1か月,Java,HTML,CSS
xx01722,テスト ユーザー722,22,2年2か月,Java,HTML,CSS
xx01723,テスト ユーザー723,23,3年3か月,Java,HTML,CSS
xx01724,テスト ユーザー724,24,4年4か月,Java,HTML,CSS
xx01725,テスト ユーザー725,25,5年5か月,Java,HTML,CSS
xx01726,テスト ユーザー726,26,6年6か月,Java,HTML,CSS
xx01727,テスト ユーザー727,27,7年7か月,Java,HTML,CSS
xx01728,テスト ユーザー728,28,8年8か月,Java,HTML,CSS
xx01729,テスト ユーザー729,29,9年9か月,Java,HTML,CSS
xx01730,テスト ユーザー730,30,0年10か月,Java,HTML,CSS
xx01731,テスト ユーザー731,31,1年11か月,Java,HTML,CSS
xx01732,テスト ユーザー732,32,2年0か月,Java,HTML,CSS
xx01733,テスト ユーザー733,33,3年1か月,Java,HTML,CSS
xx01734,テスト ユーザー734,34,4年2か月,Java,HTML,CSS
xx01735,テスト ユーザー735,35,5年3か月,Java,HTML,CSS
xx01736,テスト ユーザー736,36,6年4か月,Java,HTML,CSS
xx01737,テスト ユーザー737,37,7年5か月,Java,HTML,CSS
xx01738,テスト ユーザー738,38,8年6か月,Java,HTML,CSS
xx01739,テスト ユーザー739,39,9年7か月,Java,HTML,CSS
xx01740,テスト ユーザー740,40,0年8か月,Java,HTML,CSS
xx01741,テスト ユーザー741,41,1年9か月,Java,HTML,CSS
xx01742,テスト ユーザー742,42,2年10か月,Java,HTML,CSS
xx01743,テスト ユーザー743,43,3年11か月,Java,HTML,CSS
xx01744,テスト ユーザー744,44,4年0か月,Java,HTML,CSS
xx01745,テスト ユーザー745,45,5年1か月,Java,HTML,CSS
xx01746,テスト ユーザー746,46,6年2か月,Java,HTML,CSS
xx01747,テスト ユーザー747,47,7年3か月,Java,HTML,CSS
xx01748,テスト ユーザー748,48,8年4か月,Java,HTML,CSS
xx01749,テスト ユーザー749,49,9年5か月,Java,HTML,CSS
xx01750,テスト ユーザー750,20,0年6か月,Java,HTML,CSS
xx01751,テスト ユーザー751,21,1年7か月,Java,HTML,CSS
xx01752,テスト ユーザー752,22,2年8か月,Java,HTML,CSS
xx01753,テスト ユーザー753,23,3年9か月,Java,HTML,CSS
xx01754,テスト ユーザー754,24,4年10か月,Java,HTML,CSS
xx01755,テスト ユーザー755,25,5年11か月,Java,HTML,CSS
xx01756,テスト ユーザー756,26,6年0か月,Java,HTML,CSS
xx01757,テスト ユーザー757,27,7年1か月,Java,HTML,CSS
xx01758,テスト ユーザー758,28,8年2か月,Java,HTML,CSS
xx01759,テスト ユーザー759,29,9年3か月,Java,HTML,CSS
xx01760,テスト ユーザー760,30,0年4か月,Java,HTML,CSS
xx01761,テスト ユーザー761,31,1年5か月,Java,HTML,CSS
xx01762,テスト ユーザー762,32,2年6か月,Java,HTML,CSS
xx01763,テスト ユーザー763,33,3年7か月,Java,HTML,CSS
xx01764,テスト ユーザー764,34,4年8か月,Java,HTML,CSS
xx01765,テスト ユーザー765,35,5年9か月,Java,HTML,CSS
xx01766,テスト ユーザー766,36,6年10か月,Java,HTML,CSS
xx01767,テスト ユーザー767,37,7年11か月,Java,HTML,CSS
xx01768,テスト ユーザー768,38,8年0か月,Java,HTML,CSS
xx01769,テスト ユーザー769,39,9年1か月,Java,HTML,CSS
xx01770,テスト ユーザー770,40,0年2か月,Java,HTML,CSS
xx01771,テスト ユーザー771,41,1年3か月,Java,HTML,CSS
xx01772,テスト ユーザー772,42,2年4か月,Java,HTML,CSS
xx01773,テスト ユーザー773,43,3年5か月,Java,HTML,CSS
xx01774,テスト ユーザー774,44,4年6か月,Java,HTML,CSS
xx01775,テスト ユーザー775,45,5年7か月,Java,HTML,CSS
xx01776,テスト ユーザー776,46,6年8か月,Java,HTML,CSS
xx01777,テスト ユーザー777,47,7年9か月,Java,HTML,CSS
xx01778,テスト ユーザー778,48,8年10か月,Java,HTML,CSS
xx01779,テスト ユーザー779,49,9年11か月,Java,HTML,CSS
xx01780,テスト ユーザー780,20,0年0か月,Java,HTML,CSS
xx01781,テスト ユーザー781,21,1年1か月,Java,HTML,CSS
xx01782,テスト ユーザー782,22,2年2か月,Java,HTML,CSS
xx01783,テスト ユーザー783,23,3年3か月,Java,HTML,CSS
xx01784,テスト ユーザー784,24,4年4か月,Java,HTML,CSS
xx01785,テスト ユーザー785,25,5年5か月,Java,HTML,CSS
xx01786,テスト ユーザー786,26,6年6か月,Java,HTML,CSS
xx01787,テスト ユーザー787,27,7年7か月,Java,HTML,CSS
xx01788,テスト ユーザー788,28,8年8か月,Java,HTML,CSS
xx01789,テスト ユーザー789,29,9年9か月,Java,HTML,CSS
xx01790,テスト ユーザー790,30,0年10か月,Java,HTML,CSS
xx01791,テスト ユーザー791,31,1年11か月,Java,HTML,CSS
xx01792,テスト ユーザー792,32,2年0か月,Java,HTML,CSS
xx01793,テスト ユーザー793,33,3年1か月,Java,HTML,CSS
xx01794,テスト ユーザー794,34,4年2か月,Java,HTML,CSS
xx01795,テスト ユーザー795,35,5年3か月,Java,HTML,CSS
xx01796,テスト ユーザー796,36,6年4か月,Java,HTML,CSS
xx01797,テスト ユーザー797,37,7年5か月,Java,HTML,CSS
xx01798,テスト ユーザー798,38,8年6か月,Java,HTML,CSS
xx01799,テスト ユーザー799,39,9年7か月,Java,HTML,CSS
xx01800,テスト ユーザー800,40,0年8か月,Java,HTML,CSS
xx01801,テスト ユーザー801,41,1年9か月,Java,HTML,CSS
xx01802,テスト ユーザー802,42,2年10か月,Java,HTML,CSS
xx01803,テスト ユーザー803,43,3年11か月,Java,HTML,CSS
xx01804,テスト ユーザー804,44,4年0か月,Java,HTML,CSS
xx01805,テスト ユーザー805,45,5年1か月,Java,HTML,CSS
xx01806,テスト ユーザー806,46,6年2か月,Java,HTML,CSS
xx01807,テスト ユーザー807,47,7年3か月,Java,HTML,CSS
xx01808,テスト ユーザー808,48,8年4か月,Java,HTML,CSS
xx01809,テスト ユーザー809,49,9年5か月,Java,HTML,CSS
xx01810,テスト ユーザー810,20,0年6か月,Java,HTML,CSS
xx01811,テスト ユーザー811,21,1年7か月,Java,HTML,CSS
xx01812,テスト ユーザー812,22,2年8か月,Java,HTML,CSS
xx01813,テスト ユーザー813,23,3年9か月,Java,HTML,CSS
xx01814,テスト ユーザー814,24,4年10か月,Java,HTML,CSS
xx01815,テスト ユーザー815,25,5年11か月,Java,HTML,CSS
xx01816,テスト ユーザー816,26,6年0か月,Java,HTML,CSS
xx01817,テスト ユーザー817,27,7年1か月,Java,HTML,CSS
xx01818,テスト ユーザー818,28,8年2か月,Java,HTML,CSS
xx01819,テスト ユーザー819,29,9年3か月,Java,HTML,CSS
xx01820,テスト ユーザー820,30,0年4か月,Java,HTML,CSS
xx01821,テスト ユーザー821,31,1年5か月,Java,HTML,CSS
xx01822,テスト ユーザー822,32,2年6か月,Java,HTML,CSS
xx01823,テスト ユーザー823,33,3年7か月,Java,HTML,CSS
xx01824,テスト ユーザー824,34,4年8か月,Java,HTML,CSS
xx01825,テスト ユーザー825,35,5年9か月,Java,HTML,CSS
xx01826,テスト ユーザー826,36,6年10か月,Java,HTML,CSS
xx01827,テスト ユーザー827,37,7年11か月,Java,HTML,CSS
xx01828,テスト ユーザー828,38,8年0か月,Java,HTML,CSS
xx01829,テスト ユーザー829,39,9年1か月,Java,HTML,CSS
xx01830,テスト ユーザー830,40,0年2か月,Java,HTML,CSS
xx01831,テスト ユーザー831,41,1年3か月,Java,HTML,CSS
xx01832,テスト ユーザー832,42,2年4か月,Java,HTML,CSS
xx01833,テスト ユーザー833,43,3年5か月,Java,HTML,CSS
xx01834,テスト ユーザー834,44,4年6か月,Java,HTML,CSS
xx01835,テスト ユーザー835,45,5年7か月,Java,HTML,CSS
xx01836,テスト ユーザー836,46,6年8か月,Java,HTML,CSS
xx01837,テスト ユーザー837,47,7年9か月,Java,HTML,CSS
xx01838,テスト ユーザー838,48,8年10か月,Java,HTML,CSS
xx01839,テスト ユーザー839,49,9年11か月,Java,HTML,CSS
xx01840,テスト ユーザー840,20,0年0か月,Java,HTML,CSS
xx01841,テスト ユーザー841,21,1年1か月,Java,HTML,CSS
xx01842,テスト ユーザー842,22,2年2か月,Java,HTML,CSS
xx01843,テスト ユーザー843,23,3年3か月,Java,HTML,CSS
xx01844,テスト ユーザー844,24,4年4か月,Java,HTML,CSS
xx01845,テスト ユーザー845,25,5年5か月,Java,HTML,CSS
xx01846,テスト ユーザー846,26,6年6か月,Java,HTML,CSS
xx01847,テスト ユーザー847,27,7年7か月,Java,HTML,CSS
xx01848,テスト ユーザー848,28,8年8か月,Java,HTML,CSS
xx01849,テスト ユーザー849,29,9年9か月,Java,HTML,CSS
xx01850,テスト ユーザー850,30,0年10か月,Java,HTML,CSS
xx01851,テスト ユーザー851,31,1年11か月,Java,HTML,CSS
xx01852,テスト ユーザー852,32,2年0か月,Java,HTML,CSS
xx01853,テスト ユーザー853,33,3年1か月,Java,HTML,CSS
xx01854,テスト ユーザー854,34,4年2か月,Java,HTML,CSS
xx01855,テスト ユーザー855,35,5年3か月,Java,HTML,CSS
xx01856,テスト ユーザー856,36,6年4か月,Java,HTML,CSS
xx01857,テスト ユーザー857,37,7年5か月,Java,HTML,CSS
xx01858,テスト ユーザー858,38,8年6か月,Java,HTML,CSS
xx01859,テスト ユーザー859,39,9年7か月,Java,HTML,CSS
xx01860,テスト ユーザー860,40,0年8か月,Java,HTML,CSS
xx01861,テスト ユーザー861,41,1年9か月,Java,HTML,CSS
xx01862,テスト ユーザー862,42,2年10か月,Java,HTML,CSS
xx01863,テスト ユーザー863,43,3年11か月,Java,HTML,CSS
xx01864,テスト ユーザー864,44,4年0か月,Java,HTML,CSS
xx01865,テスト ユーザー865,45,5年1か月,Java,HTML,CSS
xx01866,テスト ユーザー866,46,6年2か月,Java,HTML,CSS
xx01867,テスト ユーザー867,47,7年3か月,Java,HTML,CSS
xx01868,テスト ユーザー868,48,8年4か月,Java,HTML,CSS
xx01869,テスト ユーザー869,49,9年5か月,Java,HTML,CSS
xx01870,テスト ユーザー870,20,0年6か月,Java,HTML,CSS
xx01871,テスト ユーザー871,21,1年7か月,Java,HTML,CSS
xx01872,テスト ユーザー872,22,2年8か月,Java,HTML,CSS
xx01873,テスト ユーザー873,23,3年9か月,Java,HTML,CSS
xx01874,テスト ユーザー874,24,4年10か月,Java,HTML,CSS
xx01875,テスト ユーザー875,25,5年11か月,Java,HTML,CSS
xx01876,テスト ユーザー876,26,6年0か月,Java,HTML,CSS
xx01877,テスト ユーザー877,27,7年1か月,Java,HTML,CSS
xx01878,テスト ユーザー878,28,8年2か月,Java,HTML,CSS
xx01879,テスト ユーザー879,29,9年3か月,Java,HTML,CSS
xx01880,テスト ユーザー880,30,0年4か月,Java,HTML,CSS
xx01881,テスト ユーザー881,31,1年5か月,Java,HTML,CSS
xx01882,テスト ユーザー882,32,2年6か月,Java,HTML,CSS
xx01883,テスト ユーザー883,33,3年7か月,Java,HTML,CSS
xx01884,テスト ユーザー884,34,4年8か月,Java,HTML,CSS
xx01885,テスト ユーザー885,35,5年9か月,Java,HTML,CSS
xx01886,テスト ユーザー886,36,6年10か月,Java,HTML,CSS
xx01887,テスト ユーザー887,37,7年11か月,Java,HTML,CSS
xx01888,テスト ユーザー888,38,8年0か月,Java,HTML,CSS
xx01889,テスト ユーザー889,39,9年1か月,Java,HTML,CSS
xx01890,テスト ユーザー890,40,0年2か月,Java,HTML,CSS
xx01891,テスト ユーザー891,41,1年3か月,Java,HTML,CSS
xx01892,テスト ユーザー892,42,2年4か月,Java,HTML,CSS
xx01893,テスト ユーザー893,43,3年5か月,Java,HTML,CSS
xx01894,テスト ユーザー894,44,4年6か月,Java,HTML,CSS
xx01895,テスト ユーザー895,45,5年7か月,Java,HTML,CSS
xx01896,テスト ユーザー896,46,6年8か月,Java,HTML,CSS
xx01897,テスト ユーザー897,47,7年9か月,Java,HTML,CSS
xx01898,テスト ユーザー898,48,8年10か月,Java,HTML,CSS
xx01899,テスト ユーザー899,49,9年11か月,Java,HTML,CSS
xx01900,テスト ユーザー900,20,0年0か月,Java,HTML,CSS
xx01901,テスト ユーザー901,21,1年1か月,Java,HTML,CSS
xx01902,テスト ユーザー902,22,2年2か月,Java,HTML,CSS
xx01903,テスト ユーザー903,23,3年3か月,Java,HTML,CSS
xx01904,テスト ユーザー904,24,4年4か月,Java,HTML,CSS
xx01905,テスト ユーザー905,25,5年5か月,Java,HTML,CSS
xx01906,テスト ユーザー906,26,6年6か月,Java,HTML,CSS
xx01907,テスト ユーザー907,27,7年7か月,Java,HTML,CSS
xx01908,テスト ユーザー908,28,8年8か月,Java,HTML,CSS
xx01909,テスト ユーザー909,29,9年9か月,Java,HTML,CSS
xx01910,テスト ユーザー910,30,0年10か月,Java,HTML,CSS
xx01911,テスト ユーザー911,31,1年11か月,Java,HTML,CSS
xx01912,テスト ユーザー912,32,2年0か月,Java,HTML,CSS
xx01913,テスト ユーザー913,33,3年1か月,Java,HTML,CSS
xx01914,テスト ユーザー914,34,4年2か月,Java,HTML,CSS
xx01915,テスト ユーザー915,35,5年3か月,Java,HTML,CSS
xx01916,テスト ユーザー916,36,6年4か月,Java,HTML,CSS
xx01917,テスト ユーザー917,37,7年5か月,Java,HTML,CSS
xx01918,テスト ユーザー918,38,8年6か月,Java,HTML,CSS
xx01919,テスト ユーザー919,39,9年7か月,Java,HTML,CSS
xx01920,テスト ユーザー920,40,0年8か月,Java,HTML,CSS
xx01921,テスト ユーザー921,41,1年9か月,Java,HTML,CSS
xx01922,テスト ユーザー922,42,2年10か月,Java,HTML,CSS
xx01923,テスト ユーザー923,43,3年11か月,Java,HTML,CSS
xx01924,テスト ユーザー924,44,4年0か月,Java,HTML,CSS
xx01925,テスト ユーザー925,45,5年1か月,Java,HTML,CSS
xx01926,テスト ユーザー926,46,6年2か月,Java,HTML,CSS
xx01927,テスト ユーザー927,47,7年3か月,Java,HTML,CSS
xx01928,テスト ユーザー928,48,8年4か月,Java,HTML,CSS
xx01929,テスト ユーザー929,49,9年5か月,Java,HTML,CSS
xx01930,テスト ユーザー930,20,0年6か月,Java,HTML,CSS
xx01931,テスト ユーザー931,21,1年7か月,Java,HTML,CSS
xx01932,テスト ユーザー932,22,2年8か月,Java,HTML,CSS
xx01933,テスト ユーザー933,23,3年9か月,Java,HTML,CSS
xx01934,テスト ユーザー934,24,4年10か月,Java,HTML,CSS
xx01935,テスト ユーザー935,25,5年11か月,Java,HTML,CSS
xx01936,テスト ユーザー936,26,6年0か月,Java,HTML,CSS
xx01937,テスト ユーザー937,27,7年1か月,Java,HTML,CSS
xx01938,テスト ユーザー938,28,8年2か月,Java,HTML,CSS
xx01939,テスト ユーザー939,29,9年3か月,Java,HTML,CSS
xx01940,テスト ユーザー940,30,0年4か月,Java,HTML,CSS
xx01941,テスト ユーザー941,31,1年5か月,Java,HTML,CSS
xx01942,テスト ユーザー942,32,2年6か月,Java,HTML,CSS
xx01943,テスト ユーザー943,33,3年7か月,Java,HTML,CSS
xx01944,テスト ユーザー944,34,4年8か月,Java,HTML,CSS
xx01945,テスト ユーザー945,35,5年9か月,Java,HTML,CSS
xx01946,テスト ユーザー946,36,6年10か月,Java,HTML,CSS
xx01947,テスト ユーザー947,37,7年11か月,Java,HTML,CSS
xx01948,テスト ユーザー948,38,8年0か月,Java,HTML,CSS
xx01949,テスト ユーザー949,39,9年1か月,Java,HTML,CSS
xx01950,テスト ユーザー950,40,0年2か月,Java,HTML,CSS
xx01951,テスト ユーザー951,41,1年3か月,Java,HTML,CSS
xx01952,テスト ユーザー952,42,2年4か月,Java,HTML,CSS
xx01953,テスト ユーザー953,43,3年5か月,Java,HTML,CSS
xx01954,テスト ユーザー954,44,4年6か月,Java,HTML,CSS
xx01955,テスト ユーザー955,45,5年7か月,Java,HTML,CSS
xx01956,テスト ユーザー956,46,6年8か月,Java,HTML,CSS
xx01957,テスト ユーザー957,47,7年9か月,Java,HTML,CSS
xx01958,テスト ユーザー958,48,8年10か月,Java,HTML,CSS
xx01959,テスト ユーザー959,49,9年11か月,Java,HTML,CSS
xx01960,テスト ユーザー960,20,0年0か月,Java,HTML,CSS
xx01961,テスト ユーザー961,21,1年1か月,Java,HTML,CSS
xx01962,テスト ユーザー962,22,2年2か月,Java,HTML,CSS
xx01963,テスト ユーザー963,23,3年3か月,Java,HTML,CSS
xx01964,テスト ユーザー964,24,4年4か月,Java,HTML,CSS
xx01965,テスト ユーザー965,25,5年5か月,Java,HTML,CSS
xx01966,テスト ユーザー966,26,6年6か月,Java,HTML,CSS
xx01967,テスト ユーザー967,27,7年7か月,Java,HTML,CSS
xx01968,テスト ユーザー968,28,8年8か月,Java,HTML,CSS
xx01969,テスト ユーザー969,29,9年9か月,Java,HTML,CSS
xx01970,テスト ユーザー970,30,0年10か月,Java,HTML,CSS
xx01971,テスト ユーザー971,31,1年11か月,Java,HTML,CSS
xx01972,テスト ユーザー972,32,2年0か月,Java,HTML,CSS
xx01973,テスト ユーザー973,33,3年1か月,Java,HTML,CSS
xx01974,テスト ユーザー974,34,4年2か月,Java,HTML,CSS
xx01975,テスト ユーザー975,35,5年3か月,Java,HTML,CSS
xx01976,テスト ユーザー976,36,6年4か月,Java,HTML,CSS
xx01977,テスト ユーザー977,37,7年5か月,Java,HTML,CSS
xx01978,テスト ユーザー978,38,8年6か月,Java,HTML,CSS
xx01979,テスト ユーザー979,39,9年7か月,Java,HTML,CSS
xx01980,テスト ユーザー980,40,0年8か月,Java,HTML,CSS
xx01981,テスト ユーザー981,41,1年9か月,Java,HTML,CSS
xx01982,テスト ユーザー982,42,2年10か月,Java,HTML,CSS
xx01983,テスト ユーザー983,43,3年11か月,Java,HTML,CSS
xx01984,テスト ユーザー984,44,4年0か月,Java,HTML,CSS
xx01985,テスト ユーザー985,45,5年1か月,Java,HTML,CSS
xx01986,テスト ユーザー986,46,6年2か月,Java,HTML,CSS
xx01987,テスト ユーザー987,47,7年3か月,Java,HTML,CSS
xx01988,テスト ユーザー988,48,8年4か月,Java,HTML,CSS
xx01989,テスト ユーザー989,49,9年5か月,Java,HTML,CSS
xx01990,テスト ユーザー990,20,0年6か月,Java,HTML,CSS
xx01991,テスト ユーザー991,21,1年7か月,Java,HTML,CSS
xx01992,テスト ユーザー992,22,2年8か月,Java,HTML,CSS
xx01993,テスト ユーザー993,23,3年9か月,Java,HTML,CSS
xx01994,テスト ユーザー994,24,4年10か月,Java,HTML,CSS
xx01995,テスト ユーザー995,25,5年11か月,Java,HTML,CSS
xx01996,テスト ユーザー996,26,6年0か月,Java,HTML,CSS
xx01997,テスト ユーザー997,27,7年1か月,Java,HTML,CSS
xx01998,テスト ユーザー998,28,8年2か月,Java,HTML,CSS
xx01999,テスト ユーザー999,29,9年3か月,Java,HTML,CSS
