社員ID,名字,名前,名字フリガナ,名前フリガナ,生年月日（西暦）,入社年月,エンジニア歴,扱える言語,経歴,研修の受講歴,技術力,受講態度,コミュニケーション能力,リーダーシップ,備考,更新日
A1B2C3D,山田,太郎,ヤマダ,タロウ,1990年1月15日,2010年4月1日,36,Java・Python,システム開発経験5年,研修1回,4.5,4,4,3.5,特になし,2024年5月10日
F4G5H6I,佐藤,花子,サトウ,ハナコ,1985年3月20日,2008年6月15日,60,JavaScript・HTML・CSS,Webデザイン経験10年,研修3回,5,4.5,4.5,4,積極的,2024年4月22日
J7K8L9M,鈴木,一郎,スズキ,イチロウ,1992年7月7日,2012年9月1日,48,C++・Python,組み込み開発経験8年,研修2回,4,3.5,4,4,向上心あり,2024年6月1日
N0O1P2Q,高橋,美咲,タカハシ,ミサキ,1995年12月5日,2015年11月10日,33,Java・Ruby,サーバーサイド経験5年,研修1回,4.5,4,4.5,4,リーダー経験あり,2024年3月18日
R3S4T5U,伊藤,健太,イトウ,ケンタ,1988年8月30日,2011年1月20日,50,Python・Go,データ分析経験7年,研修2回,4,4,4,3.5,問題解決力高い,2024年5月30日
V6W7X8Y,渡辺,由美,ワタナベ,ユミ,1991年10月22日,2013年3月15日,40,JavaScript・React,フロントエンド経験6年,研修3回,4.5,4.5,4.5,4,コミュ力高い,2024年6月10日
Z9A0B1C,中村,翔太,ナカムラ,ショウタ,1989年5月14日,2010年12月1日,52,C#・SQL,業務系システム開発経験9年,研修2回,4,3.5,3.5,3.5,安定感あり,2024年4月5日
D2E3F4G,小林,恵美,コバヤシ,エミ,1993年2月27日,2014年7月1日,36,Ruby・PHP,Webアプリ開発経験5年,研修1回,4.5,4,4,4,真面目,2024年5月15日
H5I6J7K,加藤,亮,カトウ,リョウ,1994年11月11日,2015年9月15日,32,Swift・Kotlin,モバイルアプリ開発経験4年,研修2回,4,3.5,4,3.5,技術好き,2024年6月5日
L8M9N0O,佐々木,舞,ササキ,マイ,1990年6月25日,2011年5月10日,48,Java・Python,機械学習経験7年,研修3回,5,4.5,4.5,4.5,積極的,2024年4月20日
P1Q2R3S,青木,大輔,アオキ,ダイスケ,1987年4月12日,2009年10月1日,60,Java・Scala,金融システム開発10年,研修4回,4.5,4,4,4,真面目,2024年6月12日
T4U5V6W,小川,明美,オガワ,アケミ,1991年9月9日,2013年5月20日,48,Python・Django,Webサービス開発6年,研修2回,4,3.5,4,3.5,努力家,2024年5月22日
X7Y8Z9A,松本,健一,マツモト,ケンイチ,1985年7月7日,2007年11月30日,55,C++・Python,組み込み系経験15年,研修5回,5,4.5,4.5,5,リーダー経験あり,2024年6月8日
B2C3D4E,斉藤,裕子,サイトウ,ユウコ,1993年3月18日,2014年8月10日,40,JavaScript・Vue.js,フロントエンド開発5年,研修3回,4.5,4,4.5,4,コミュニケーション良好,2024年5月18日
F5G6H7I,原田,翔太,ハラダ,ショウタ,1988年12月5日,2010年2月1日,52,Ruby・Rails,業務系アプリ経験10年,研修4回,4,4,4,3.5,安定感あり,2024年6月1日
J8K9L0M,村上,真理子,ムラカミ,マリコ,1992年10月25日,2013年4月20日,36,PHP・Laravel,Webアプリ開発6年,研修2回,4.5,4,4,4,協調性高い,2024年5月25日
N1O2P3Q,石井,浩,イシイ,ヒロシ,1986年5月30日,2008年7月15日,57,Go・Docker,インフラ経験12年,研修5回,5,4.5,4.5,4.5,問題解決力高い,2024年6月5日
R4S5T6U,橋本,さくら,ハシモト,サクラ,1994年1月19日,2015年6月1日,28,Swift・Objective-C,モバイルアプリ開発3年,研修1回,4,3.5,4,3.5,元気,2024年4月30日
V7W8X9Y,遠藤,健,エンドウ,タケシ,1990年11月11日,2011年9月10日,50,C#・Unity,ゲーム開発経験7年,研修3回,4.5,4,4,4,積極的,2024年5月28日
Z0A1B2C,岡田,舞子,オカダ,マイコ,1989年8月22日,2010年3月15日,60,Java・Spring,業務系開発12年,研修4回,5,4.5,4.5,5,リーダー経験豊富,2024年6月15日
D3E4F5G,高橋,健太,タカハシ,ケンタ,1987年6月14日,2009年9月10日,45,Python・Flask,業務系開発8年,研修3回,4,4,4,3.5,真面目,2024年6月10日
H6I7J8K,斎藤,直美,サイトウ,ナオミ,1990年12月3日,2012年1月20日,38,JavaScript・React,Webフロントエンド5年,研修2回,4.5,4,4.5,4,努力家,2024年5月28日
L9M0N1O,中村,隆,ナカムラ,タカシ,1985年11月29日,2007年5月15日,55,C++・Linux組込,組み込み開発15年,研修5回,5,4.5,4.5,5,リーダー経験あり,2024年6月12日
P2Q3R4S,森,由美,モリ,ユミ,1993年3月12日,2014年6月18日,36,PHP・Laravel,Webアプリ6年,研修3回,4,3.5,4,3.5,コミュニケーション良好,2024年5月20日
T5U6V7W,藤田,翔,フジタ,ショウ,1988年8月25日,2010年11月5日,52,Java・Spring,業務システム開発10年,研修4回,4.5,4,4,4,安定感あり,2024年6月1日
X8Y9Z0A,竹内,美香,タケウチ,ミカ,1992年10月14日,2013年3月22日,40,Ruby・Rails,Webサービス開発7年,研修2回,4,4,4,4,協調性高い,2024年5月30日
B1C2D3E,石田,浩二,イシダ,コウジ,1986年1月17日,2008年4月12日,57,Go・Docker,インフラ運用12年,研修5回,5,4.5,4.5,4.5,問題解決力高い,2024年6月10日
F4G5H6I,松井,さやか,マツイ,サヤカ,1994年2月20日,2015年7月1日,28,Swift・Objective-C,モバイルアプリ3年,研修1回,4,3.5,4,3.5,元気,2024年4月28日
J7K8L9M,長谷川,健,ハセガワ,ケン,1990年11月30日,2011年8月15日,50,C#・Unity,ゲーム開発8年,研修3回,4.5,4,4,4,積極的,2024年5月25日
N0O1P2Q,近藤,舞,コンドウ,マイ,1989年7月19日,2010年5月20日,60,Java・Spring,業務系開発12年,研修4回,5,4.5,4.5,5,リーダー経験豊富,2024年6月15日
R3S4T5U,佐々木,亮,ササキ,リョウ,1987年3月10日,2009年12月10日,44,Python・Django,Web開発8年,研修3回,4,4,4,3.5,真面目,2024年6月10日
V6W7X8Y,池田,明美,イケダ,アケミ,1991年9月22日,2013年7月1日,38,JavaScript・Vue.js,フロントエンド5年,研修2回,4.5,4,4.5,4,努力家,2024年5月28日
Z9A0B1C,小野,健一,オノ,ケンイチ,1985年8月15日,2007年9月12日,55,C++・Python,組込系15年,研修5回,5,4.5,4.5,5,リーダー経験あり,2024年6月12日
D2E3F4G,西村,裕子,ニシムラ,ユウコ,1993年11月3日,2014年10月20日,40,PHP・Laravel,Webアプリ5年,研修3回,4.5,4,4.5,4,コミュニケーション良好,2024年5月20日
H5I6J7K,加藤,翔太,カトウ,ショウタ,1988年6月7日,2010年1月15日,52,Ruby・Rails,業務アプリ10年,研修4回,4,4,4,3.5,安定感あり,2024年6月1日
L8M9N0O,前田,真理子,マエダ,マリコ,1992年2月28日,2013年9月10日,36,Python・Flask,Web開発6年,研修2回,4.5,4,4,4,協調性高い,2024年5月30日
P1Q2R3S,岩田,浩,イワタ,ヒロシ,1986年4月25日,2008年3月18日,57,Go・Kubernetes,インフラ経験12年,研修5回,5,4.5,4.5,4.5,問題解決力高い,2024年6月10日
T4U5V6W,野村,さくら,ノムラ,サクラ,1994年10月19日,2015年5月5日,28,Swift・Objective-C,モバイルアプリ3年,研修1回,4,3.5,4,3.5,元気,2024年4月28日
X7Y8Z9A,岡本,健,オカモト,タケシ,1990年12月11日,2011年11月10日,50,C#・Unity,ゲーム開発7年,研修3回,4.5,4,4,4,積極的,2024年5月25日
B2C3D4E,久保,舞子,クボ,マイコ,1989年5月22日,2010年7月15日,60,Java・Spring,業務開発12年,研修4回,5,4.5,4.5,5,リーダー経験豊富,2024年6月15日
6TN99UP,長谷川,美紀,ハセガワ,ミキ,1994年07月20日,2021年06月01日,267,HTML・CSS・JavaScript,PHPに関する開発経験あり。,研修2回受講済み！,1.5,4.5,3.0,1.0,積極的,2024年06月04日
ILCNDN1,西川,亮太,ニシカワ,リョウタ,1991年10月23日,2020年06月28日,553,SQL・Swift・Go・JavaScript,Pythonに関する開発経験あり。,研修3回受講済み,2.0,4.0,2.5,4.0,積極的,2024年06月26日
TYV4U1S,木村,真由美,キムラ,マユミ,1994年06月27日,2015年06月21日,260,Ruby・Swift・Go・Python,Javaに関する開発経験あり。,研修2回受講済み,2.5,2.5,1.0,5.0,リーダーシップあり,2024年03月02日
E8OXQJB,石川,直樹,イシカワ,ナオキ,1997年07月04日,2012年07月21日,289,Go・C++・Swift・Python,PHPに関する開発経験あり。,研修2回受講済み,4.0,3.5,3.5,5.0,積極的,2024年04月21日
A6GOH9P,島田,佳代子,シマダ,カヨコ,1995年04月04日,2014年04月26日,423,Java・PHP・Go,Swiftに関する開発経験あり。,研修2回受講済み！,1.5,2.0,1.5,1.0,積極的,2024年04月26日
S6O3ZWH,大西,和也,オオニシ,カズヤ,1989年07月12日,2017年04月22日,347,JavaScript・PHP・Go,Rubyに関する開発経験あり。,研修3回受講済み,4.5,1.5,3.5,1.0,特になし,2024年05月02日
UIW86BV,吉田,舞,ヨシダ,マイ,1985年12月25日,2017年04月30日,460,Go・Swift・PHP・HTML・CSS,HTML・CSSに関する開発経験あり。,研修3回受講済み,1.5,4.0,3.0,2.0,特になし,2024年05月06日
5HRXMVU,小山,健一,コヤマ,ケンイチ,1988年06月22日,2015年06月17日,462,Java・PHP,Swiftに関する開発経験あり。,研修3回受講済み！,3.5,3.0,5.0,5.0,成長中,2024年01月09日
GNN6RY8,吉井,志保,ヨシイ,シホ,1989年08月01日,2012年05月26日,302,Go・Swift・HTML・CSS・C++,Rubyに関する開発経験あり。,研修4回受講済み,3.0,3.5,2.0,4.5,リーダーシップあり,2024年03月21日
QQDX8CL,佐藤,裕翔,サトウ,ユウト,1989年08月01日,2012年05月26日,302,Go・Swift・HTML・CSS・C++,Rubyに関する開発経験あり。,研修4回受講済み,3.0,3.5,2.0,4.5,リーダーシップあり,2024年03月21日
A1B2C3D,香川,かよこ,カガワ,カヨコ,1981年06月13日,2009年11月03日,485,Java・Python,システム開発経験5年,研修1回,4.5,4.0,4.0,3.5,特になし,2024年05月10日
X7G2H9J,浜田,理央,ハマダ,リオ,1993年03月12日,2016年04月01日,60,Java・Python・Ruby,Webアプリケーション開発経験6年,研修3回,4.5,4.0,4.0,3.5,チームでの開発経験あり,2025年06月20日
A8F5L1D,石井,大輔,イシイ,ダイスケ,1990年10月04日,2012年05月15日,84,C++・Python・Go,組み込み系開発経験8年,研修2回,4.0,3.5,4.0,4.0,安定した実装力,2025年06月20日
R2M3T7V,森田,美優,モリタ,ミユ,1995年01月23日,2019年01月01日,66,JavaScript・Vue.js・TypeScript,フロントエンド開発経験5年,研修1回,4.5,4.5,4.5,3.5,ユーザー視点での提案あり,2025年06月20日
K4B6Y2N,田村,翔太,タムラ,ショウタ,1988年06月09日,2010年10月01日,177,Java・Scala・Kotlin,業務システム開発10年,研修4回,5.0,4.0,4.0,4.5,要件定義から対応可能,2025年06月20日
H9Z1C3E,佐野,恵理,サノ,エリ,1992年09月27日,2014年06月20日,132,Ruby・Rails・HTML・CSS,Web開発・UI設計経験7年,研修2回,4.0,4.0,4.5,4.0,丁寧な設計,2025年06月20日
P6X7A1T,青山,康平,アオヤマ,コウヘイ,1987年08月15日,2009年04月10日,193,C#・.NET・SQL,業務系システム開発経験12年,研修5回,5.0,4.5,4.0,5.0,管理職経験あり,2025年06月20日
W3U2V9L,岡本,梨花,オカモト,リカ,1996年05月30日,2020年02月01日,52,Python・Django・Flask,Webサービス開発経験4年,研修2回,3.5,3.5,4.0,3.0,学習意欲高い,2025年06月20日
N0L4J6S,高田,隼人,タカダ,ハヤト,1991年12月08日,2013年08月01日,141,Go・Docker・Kubernetes,クラウド/インフラ構築経験9年,研修4回,4.5,4.0,4.0,4.5,信頼感あり,2025年06月20日
QLQ1SLR,吉田,恵美,ヨシダ,エミ,1964年02月02日,2013年04月18日,436,Java・Python,システム開発経験5年,研修1回,4.5,4.0,4.0,3.5,特になし,2024年05月10日
A5BFKBQ,田中,健司,タナカ,ケンジ,1972年03月14日,2018年05月01日,264,JavaScript・HTML・CSS,Webデザイン経験10年,研修3回,5.0,4.5,4.5,4.0,積極的,2024年04月22日
G21AD4U,高橋,浩,タカハシ,ヒロシ,1987年07月04日,2008年02月06日,566,Java・Python,システム開発経験5年,研修1回,4.5,4.0,4.0,3.5,特になし,2024年05月10日
Z73SWKR,森,健,モリ,タケシ,1973年07月15日,2014年10月24日,59,JavaScript・HTML・CSS,Webデザイン経験10年,研修3回,5.0,4.5,4.5,4.0,積極的,2024年04月22日
4Y82FIY,加藤,太郎,カトウ,タロウ,1994年10月24日,2016年10月10日,497,C++・Python,組み込み開発経験8年,研修2回,4.0,3.5,4.0,4.0,向上心あり,2024年06月01日
A7BAING,清水,裕子,シミズ,ユウコ,1972年02月26日,2017年08月28日,214,Java・Ruby,サーバーサイド経験5年,研修1回,4.5,4.0,4.5,4.0,リーダー経験あり,2024年03月18日
98GASBU,木村,健,キムラ,タケシ,1982年06月04日,2022年12月05日,247,Python・Go,データ分析経験7年,研修2回,4.0,4.0,4.0,3.5,問題解決力高い,2024年05月30日
M0FQS40,清水,明美,シミズ,アケミ,1991年04月19日,2018年02月16日,350,JavaScript・React,フロントエンド経験6年,研修3回,4.5,4.5,4.5,4.0,コミュ力高い,2024年06月10日
JKIQEBQ,中村,健,ナカムラ,タケシ,1974年02月21日,2006年02月24日,244,C#・SQL,業務系システム開発経験9年,研修2回,4.0,3.5,3.5,3.5,安定感あり,2024年04月05日
ZYDZSK6,山本,花子,ヤマモト,ハナコ,1979年11月04日,2016年08月18日,93,Ruby・PHP,Webアプリ開発経験5年,研修1回,4.5,4.0,4.0,4.0,真面目,2024年05月15日
N0D1GYF,松本,健,マツモト,タケシ,1976年04月23日,2019年09月26日,579,Swift・Kotlin,モバイルアプリ開発経験4年,研修2回,4.0,3.5,4.0,3.5,技術好き,2024年06月05日
JNRBQA1,山田,美咲,ヤマダ,ミサキ,1987年08月09日,2016年06月20日,81,Java・Python,機械学習経験7年,研修3回,5.0,4.5,4.5,4.5,積極的,2024年04月20日
54C01FG,吉田,さやか,ヨシダ,サヤカ,1971年06月23日,2022年11月25日,447,Java・Python,システム開発経験5年,研修1回,4.5,4.0,4.0,3.5,特になし,2024年05月10日
3L27I6Q,加藤,健,カトウ,タケシ,1993年05月15日,2022年12月08日,232,JavaScript・HTML・CSS,Webデザイン経験10年,研修3回,5.0,4.5,4.5,4.0,積極的,2024年04月22日
NYVJRPT,山本,健一,ヤマモト,ケンイチ,1979年06月27日,2014年02月23日,472,C++・Python,組み込み開発経験8年,研修2回,4.0,3.5,4.0,4.0,向上心あり,2024年06月01日
RNSD1WH,木村,健一,キムラ,ケンイチ,1990年12月20日,2015年05月06日,209,Java・Ruby,サーバーサイド経験5年,研修1回,4.5,4.0,4.5,4.0,リーダー経験あり,2024年03月18日
FJ3FJC0,井上,舞子,イノウエ,マイコ,1971年09月28日,2020年04月26日,415,Python・Go,データ分析経験7年,研修2回,4.0,4.0,4.0,3.5,問題解決力高い,2024年05月30日
2D0HSDL,松本,真理子,マツモト,マリコ,1988年09月13日,2009年01月11日,417,JavaScript・React,フロントエンド経験6年,研修3回,4.5,4.5,4.5,4.0,コミュ力高い,2024年06月10日
90XQ649,斉藤,太郎,サイトウ,タロウ,1991年10月13日,2019年08月30日,43,C#・SQL,業務系システム開発経験9年,研修2回,4.0,3.5,3.5,3.5,安定感あり,2024年04月05日
EMNT9NO,吉田,優斗,ヨシダ,ユウト,1971年10月04日,2013年08月02日,70,Ruby・PHP,Webアプリ開発経験5年,研修1回,4.5,4.0,4.0,4.0,真面目,2024年05月15日
25QQQ77,佐藤,舞子,サトウ,マイコ,1974年09月09日,2007年06月20日,541,Swift・Kotlin,モバイルアプリ開発経験4年,研修2回,4.0,3.5,4.0,3.5,技術好き,2024年06月05日
QUY30CW,渡辺,裕子,ワタナベ,ユウコ,1973年08月31日,2018年01月06日,597,Java・Python,機械学習経験7年,研修3回,5.0,4.5,4.5,4.5,積極的,2024年04月20日
HJOJSWX,森,亮太,モリ,リョウタ,1978年03月04日,2022年01月29日,530,Java・Python,システム開発経験5年,研修1回,4.5,4.0,4.0,3.5,特になし,2024年05月10日
QM0GRDZ,中村,真由美,ナカムラ,マユミ,1999年06月14日,2016年12月01日,71,JavaScript・HTML・CSS,Webデザイン経験10年,研修3回,5.0,4.5,4.5,4.0,積極的,2024年04月22日
WF62LS2,林,太郎,ハヤシ,タロウ,1992年12月22日,2022年02月26日,311,C++・Python,組み込み開発経験8年,研修2回,4.0,3.5,4.0,4.0,向上心あり,2024年06月01日
VH4231K,田中,健一,タナカ,ケンイチ,2000年11月09日,2019年06月07日,92,Java・Ruby,サーバーサイド経験5年,研修1回,4.5,4.0,4.5,4.0,リーダー経験あり,2024年03月18日
QQMRO3C,山田,健太,ヤマダ,ケンタ,1970年03月05日,2011年07月04日,46,Python・Go,データ分析経験7年,研修2回,4.0,4.0,4.0,3.5,問題解決力高い,2024年05月30日
GHAJ7JW,小林,亮,コバヤシ,リョウ,2000年10月29日,2005年05月31日,84,JavaScript・React,フロントエンド経験6年,研修3回,4.5,4.5,4.5,4.0,コミュ力高い,2024年06月10日
PHR1VY6,山田,舞子,ヤマダ,マイコ,1978年03月30日,2016年06月10日,518,C#・SQL,業務系システム開発経験9年,研修2回,4.0,3.5,3.5,3.5,安定感あり,2024年04月05日
ZV6VW1A,松本,翔太,マツモト,ショウタ,1980年03月01日,2019年10月15日,465,Ruby・PHP,Webアプリ開発経験5年,研修1回,4.5,4.0,4.0,4.0,真面目,2024年05月15日
J2M1MMM,木村,優斗,キムラ,ユウト,1985年08月11日,2015年01月27日,21,Swift・Kotlin,モバイルアプリ開発経験4年,研修2回,4.0,3.5,4.0,3.5,技術好き,2024年06月05日
W01Q9ME,山田,真理子,ヤマダ,マリコ,1979年06月09日,2012年08月14日,534,Java・Python,機械学習経験7年,研修3回,5.0,4.5,4.5,4.5,積極的,2024年04月20日
BG04JXL,斉藤,翔太,サイトウ,ショウタ,1996年10月30日,2014年12月01日,260,Java・Python,システム開発経験5年,研修1回,4.5,4.0,4.0,3.5,特になし,2024年05月10日
CJO1IKX,鈴木,裕子,スズキ,ユウコ,1986年08月22日,2013年09月03日,72,JavaScript・HTML・CSS,Webデザイン経験10年,研修3回,5.0,4.5,4.5,4.0,積極的,2024年04月22日
GGYRXXV,渡辺,健太,ワタナベ,ケンタ,1971年06月23日,2007年05月30日,494,C++・Python,組み込み開発経験8年,研修2回,4.0,3.5,4.0,4.0,向上心あり,2024年06月01日
6WGM47L,中村,花子,ナカムラ,ハナコ,1975年03月16日,2020年06月04日,275,Java・Ruby,サーバーサイド経験5年,研修1回,4.5,4.0,4.5,4.0,リーダー経験あり,2024年03月18日
YKC0RP4,佐藤,翔太,サトウ,ショウタ,1974年07月14日,2007年04月20日,127,Python・Go,データ分析経験7年,研修2回,4.0,4.0,4.0,3.5,問題解決力高い,2024年05月30日
APJIM9Q,山口,由美,ヤマグチ,ユミ,1988年11月29日,2017年06月04日,352,JavaScript・React,フロントエンド経験6年,研修3回,4.5,4.5,4.5,4.0,コミュ力高い,2024年06月10日
C77IDJW,中村,一郎,ナカムラ,イチロウ,1993年11月18日,2021年10月01日,544,C#・SQL,業務系システム開発経験9年,研修2回,4.0,3.5,3.5,3.5,安定感あり,2024年04月05日
NEJ7VBC,小林,健,コバヤシ,タケシ,1993年08月15日,2020年06月16日,107,Ruby・PHP,Webアプリ開発経験5年,研修1回,4.5,4.0,4.0,4.0,真面目,2024年05月15日
RG2JKTN,高橋,一郎,タカハシ,イチロウ,1983年04月10日,2015年02月10日,206,Swift・Kotlin,モバイルアプリ開発経験4年,研修2回,4.0,3.5,4.0,3.5,技術好き,2024年06月05日
X1OV8HF,森,明美,モリ,アケミ,1999年06月04日,2009年04月22日,587,Java・Python,機械学習経験7年,研修3回,5.0,4.5,4.5,4.5,積極的,2024年04月20日
RJUOCFP,伊藤,舞,イトウ,マイ,1999年03月22日,2021年07月21日,508,Java・Python,システム開発経験5年,研修1回,4.5,4.0,4.0,3.5,特になし,2024年05月10日
2QMU7UV,斉藤,由美,サイトウ,ユミ,1993年08月24日,2012年08月07日,334,JavaScript・HTML・CSS,Webデザイン経験10年,研修3回,5.0,4.5,4.5,4.0,積極的,2024年04月22日
V4RTUW8,清水,浩,シミズ,ヒロシ,1972年05月04日,2008年12月01日,37,C++・Python,組み込み開発経験8年,研修2回,4.0,3.5,4.0,4.0,向上心あり,2024年06月01日
UQZ8MPF,中村,裕子,ナカムラ,ユウコ,1996年10月07日,2021年06月06日,125,Java・Ruby,サーバーサイド経験5年,研修1回,4.5,4.0,4.5,4.0,リーダー経験あり,2024年03月18日
DNG7JVX,高橋,花子,タカハシ,ハナコ,1983年10月31日,2020年01月17日,125,Python・Go,データ分析経験7年,研修2回,4.0,4.0,4.0,3.5,問題解決力高い,2024年05月30日
C4RNQOA,森,一郎,モリ,イチロウ,1976年07月06日,2015年11月15日,451,JavaScript・React,フロントエンド経験6年,研修3回,4.5,4.5,4.5,4.0,コミュ力高い,2024年06月10日
FV6JCAF,山本,さやか,ヤマモト,サヤカ,1975年07月21日,2020年09月08日,206,C#・SQL,業務系システム開発経験9年,研修2回,4.0,3.5,3.5,3.5,安定感あり,2024年04月05日
PNXPHBY,小林,明美,コバヤシ,アケミ,1970年12月17日,2022年11月28日,14,Ruby・PHP,Webアプリ開発経験5年,研修1回,4.5,4.0,4.0,4.0,真面目,2024年05月15日
OIE67S0,田中,健,タナカ,タケシ,1992年08月23日,2007年09月15日,369,Swift・Kotlin,モバイルアプリ開発経験4年,研修2回,4.0,3.5,4.0,3.5,技術好き,2024年06月05日
7MUEQZV,小林,太郎,コバヤシ,タロウ,1980年07月01日,2017年05月01日,198,Java・Python,機械学習経験7年,研修3回,5.0,4.5,4.5,4.5,積極的,2024年04月20日
CAU65DL,斉藤,美咲,サイトウ,ミサキ,1985年02月13日,2020年07月09日,198,Java・Python,システム開発経験5年,研修1回,4.5,4.0,4.0,3.5,特になし,2024年05月10日
5Z0UXWU,清水,美咲,シミズ,ミサキ,1997年04月30日,2016年12月26日,417,JavaScript・HTML・CSS,Webデザイン経験10年,研修3回,5.0,4.5,4.5,4.0,積極的,2024年04月22日
LMYLQ04,中村,真理子,ナカムラ,マリコ,1976年07月12日,2005年11月21日,232,C++・Python,組み込み開発経験8年,研修2回,4.0,3.5,4.0,4.0,向上心あり,2024年06月01日
ZDID2QA,伊藤,亮,イトウ,リョウ,1986年12月09日,2016年07月15日,25,Java・Ruby,サーバーサイド経験5年,研修1回,4.5,4.0,4.5,4.0,リーダー経験あり,2024年03月18日
ZT3N1SD,林,優斗,ハヤシ,ユウト,2000年05月04日,2017年06月05日,505,Python・Go,データ分析経験7年,研修2回,4.0,4.0,4.0,3.5,問題解決力高い,2024年05月30日
SF9TI3O,木村,裕子,キムラ,ユウコ,1987年03月18日,2013年02月23日,348,JavaScript・React,フロントエンド経験6年,研修3回,4.5,4.5,4.5,4.0,コミュ力高い,2024年06月10日
YCBM8QW,林,舞,ハヤシ,マイ,1982年02月02日,2007年01月31日,211,C#・SQL,業務系システム開発経験9年,研修2回,4.0,3.5,3.5,3.5,安定感あり,2024年04月05日
OAFF2F9,渡辺,花子,ワタナベ,ハナコ,1997年09月06日,2015年05月08日,423,Ruby・PHP,Webアプリ開発経験5年,研修1回,4.5,4.0,4.0,4.0,真面目,2024年05月15日
735A6LR,小林,亮太,コバヤシ,リョウタ,1975年01月08日,2017年06月04日,24,Swift・Kotlin,モバイルアプリ開発経験4年,研修2回,4.0,3.5,4.0,3.5,技術好き,2024年06月05日
H3UBZZ1,加藤,優斗,カトウ,ユウト,1989年08月18日,2021年02月15日,227,Java・Python,機械学習経験7年,研修3回,5.0,4.5,4.5,4.5,積極的,2024年04月20日
5YNVU9N,佐藤,舞,サトウ,マイ,1980年02月21日,2007年02月08日,406,Java・Python,システム開発経験5年,研修1回,4.5,4.0,4.0,3.5,特になし,2024年05月10日
RSIS7NG,小林,舞子,コバヤシ,マイコ,1999年11月22日,2007年05月09日,254,JavaScript・HTML・CSS,Webデザイン経験10年,研修3回,5.0,4.5,4.5,4.0,積極的,2024年04月22日
7DZ510E,田中,太郎,タナカ,タロウ,1978年09月23日,2016年12月01日,397,C++・Python,組み込み開発経験8年,研修2回,4.0,3.5,4.0,4.0,向上心あり,2024年06月01日
7HBZ0HW,吉田,舞,ヨシダ,マイ,1986年12月12日,2016年01月08日,153,Java・Ruby,サーバーサイド経験5年,研修1回,4.5,4.0,4.5,4.0,リーダー経験あり,2024年03月18日
5UZYLGG,木村,さやか,キムラ,サヤカ,1975年08月28日,2019年05月29日,0,Python・Go,データ分析経験7年,研修2回,4.0,4.0,4.0,3.5,問題解決力高い,2024年05月30日
IM3YA1N,伊藤,太郎,イトウ,タロウ,1973年06月26日,2015年03月22日,474,JavaScript・React,フロントエンド経験6年,研修3回,4.5,4.5,4.5,4.0,コミュ力高い,2024年06月10日
I7TO6DW,吉田,健,ヨシダ,タケシ,1999年07月04日,2019年06月21日,324,C#・SQL,業務系システム開発経験9年,研修2回,4.0,3.5,3.5,3.5,安定感あり,2024年04月05日
EP9T5WT,斉藤,一郎,サイトウ,イチロウ,1985年08月16日,2021年01月16日,92,Ruby・PHP,Webアプリ開発経験5年,研修1回,4.5,4.0,4.0,4.0,真面目,2024年05月15日
I1T2YRW,加藤,一郎,カトウ,イチロウ,1994年09月01日,2017年11月07日,353,Swift・Kotlin,モバイルアプリ開発経験4年,研修2回,4.0,3.5,4.0,3.5,技術好き,2024年06月05日
KU51K7M,斉藤,優斗,サイトウ,ユウト,1978年03月24日,2014年12月29日,102,Java・Python,機械学習経験7年,研修3回,5.0,4.5,4.5,4.5,積極的,2024年04月20日
TBYGPGS,小林,真理子,コバヤシ,マリコ,1986年08月16日,2021年07月28日,230,Java・Python,システム開発経験5年,研修1回,4.5,4.0,4.0,3.5,特になし,2024年05月10日
G0VTZYL,佐藤,美咲,サトウ,ミサキ,1970年06月07日,2013年12月11日,349,JavaScript・HTML・CSS,Webデザイン経験10年,研修3回,5.0,4.5,4.5,4.0,積極的,2024年04月22日
1B4CQ70,山田,健,ヤマダ,タケシ,1987年02月23日,2009年10月19日,260,C++・Python,組み込み開発経験8年,研修2回,4.0,3.5,4.0,4.0,向上心あり,2024年06月01日
7KO4QS3,鈴木,亮,スズキ,リョウ,1980年01月28日,2020年07月06日,232,Java・Ruby,サーバーサイド経験5年,研修1回,4.5,4.0,4.5,4.0,リーダー経験あり,2024年03月18日
CCTOPEK,渡辺,さやか,ワタナベ,サヤカ,1979年09月09日,2008年07月19日,155,Python・Go,データ分析経験7年,研修2回,4.0,4.0,4.0,3.5,問題解決力高い,2024年05月30日
QS2SVPK,中村,由美,ナカムラ,ユミ,2000年11月17日,2022年12月22日,349,JavaScript・React,フロントエンド経験6年,研修3回,4.5,4.5,4.5,4.0,コミュ力高い,2024年06月10日
Y09WEYU,伊藤,裕子,イトウ,ユウコ,1983年04月28日,2014年09月27日,479,C#・SQL,業務系システム開発経験9年,研修2回,4.0,3.5,3.5,3.5,安定感あり,2024年04月05日
R0ADLR6,林,浩,ハヤシ,ヒロシ,1976年02月25日,2017年12月28日,300,Ruby・PHP,Webアプリ開発経験5年,研修1回,4.5,4.0,4.0,4.0,真面目,2024年05月15日
W3K2Q8J,伊藤,明美,イトウ,アケミ,2000年10月07日,2015年11月07日,224,Swift・Kotlin,モバイルアプリ開発経験4年,研修2回,4.0,3.5,4.0,3.5,技術好き,2024年06月05日
MF94B65,佐藤,太郎,サトウ,タロウ,1971年12月25日,2005年09月11日,444,Java・Python,機械学習経験7年,研修3回,5.0,4.5,4.5,4.5,積極的,2024年04月20日
G3CFCMJ,加藤,花子,カトウ,ハナコ,1986年04月17日,2009年11月24日,405,Java・Python,システム開発経験5年,研修1回,4.5,4.0,4.0,3.5,特になし,2024年05月10日
LYBK5HN,松本,浩,マツモト,ヒロシ,1994年03月18日,2021年06月08日,220,JavaScript・HTML・CSS,Webデザイン経験10年,研修3回,5.0,4.5,4.5,4.0,積極的,2024年04月22日
VLT1JPX,清水,舞,シミズ,マイ,1978年10月21日,2016年11月11日,358,C++・Python,組み込み開発経験8年,研修2回,4.0,3.5,4.0,4.0,向上心あり,2024年06月01日
J58FZDS,高橋,舞子,タカハシ,マイコ,1973年03月14日,2019年09月15日,220,Java・Ruby,サーバーサイド経験5年,研修1回,4.5,4.0,4.5,4.0,リーダー経験あり,2024年03月18日
JECJOU5,高橋,健一,タカハシ,ケンイチ,1979年01月28日,2021年02月22日,330,Python・Go,データ分析経験7年,研修2回,4.0,4.0,4.0,3.5,問題解決力高い,2024年05月30日
JT6OK9D,渡辺,優斗,ワタナベ,ユウト,1999年08月28日,2005年04月09日,349,JavaScript・React,フロントエンド経験6年,研修3回,4.5,4.5,4.5,4.0,コミュ力高い,2024年06月10日
7E1J02B,吉田,亮,ヨシダ,リョウ,1982年07月30日,2015年04月21日,441,C#・SQL,業務系システム開発経験9年,研修2回,4.0,3.5,3.5,3.5,安定感あり,2024年04月05日
JHYK5ZS,井上,亮太,イノウエ,リョウタ,1998年01月27日,2017年02月28日,349,Ruby・PHP,Webアプリ開発経験5年,研修1回,4.5,4.0,4.0,4.0,真面目,2024年05月15日
DTFXEI8,田中,健太,タナカ,ケンタ,1980年09月06日,2019年12月28日,297,Swift・Kotlin,モバイルアプリ開発経験4年,研修2回,4.0,3.5,4.0,3.5,技術好き,2024年06月05日
4KFBZDP,加藤,舞子,カトウ,マイコ,1992年12月27日,2018年03月04日,509,Java・Python,機械学習経験7年,研修3回,5.0,4.5,4.5,4.5,積極的,2024年04月20日
MO28IA7,田中,さやか,タナカ,サヤカ,1996年02月28日,2018年10月16日,90,Java・Python,システム開発経験5年,研修1回,4.5,4.0,4.0,3.5,特になし,2024年05月10日
IESM6E9,清水,翔太,シミズ,ショウタ,1996年01月27日,2019年05月30日,29,JavaScript・HTML・CSS,Webデザイン経験10年,研修3回,5.0,4.5,4.5,4.0,積極的,2024年04月22日
ESHLENC,木村,明美,キムラ,アケミ,1989年01月11日,2019年09月09日,430,C++・Python,組み込み開発経験8年,研修2回,4.0,3.5,4.0,4.0,向上心あり,2024年06月01日
BO04RZF,吉田,舞子,ヨシダ,マイコ,1992年06月12日,2016年05月11日,36,Java・Ruby,サーバーサイド経験5年,研修1回,4.5,4.0,4.5,4.0,リーダー経験あり,2024年03月18日
Z2NQK8C,佐藤,健,サトウ,タケシ,1973年03月16日,2007年12月18日,262,Python・Go,データ分析経験7年,研修2回,4.0,4.0,4.0,3.5,問題解決力高い,2024年05月30日
0Y724MV,清水,由美,シミズ,ユミ,1978年01月11日,2013年09月23日,325,JavaScript・React,フロントエンド経験6年,研修3回,4.5,4.5,4.5,4.0,コミュ力高い,2024年06月10日
XX5KQBE,井上,真理子,イノウエ,マリコ,1993年10月04日,2006年10月30日,401,C#・SQL,業務系システム開発経験9年,研修2回,4.0,3.5,3.5,3.5,安定感あり,2024年04月05日
GL9IZIA,小林,舞,コバヤシ,マイ,1982年11月23日,2017年08月22日,368,Ruby・PHP,Webアプリ開発経験5年,研修1回,4.5,4.0,4.0,4.0,真面目,2024年05月15日
Q82AAE3,清水,健一,シミズ,ケンイチ,1999年10月26日,2018年11月22日,567,Swift・Kotlin,モバイルアプリ開発経験4年,研修2回,4.0,3.5,4.0,3.5,技術好き,2024年06月05日
YK6JYSU,渡辺,一郎,ワタナベ,イチロウ,1974年01月11日,2019年09月27日,468,Java・Python,機械学習経験7年,研修3回,5.0,4.5,4.5,4.5,積極的,2024年04月20日
Q8PLZZK,伊斎,邦彦,イサイ,クニヒコ,1979年05月31日,2006年04月05日,344,Java・Python,システム開発経験5年,研修1回,4.5,4.0,4.0,3.5,特になし,2024年05月10日
T4OOMCM,中木,小町,ナカギ,コマチ,1992年05月22日,2022年02月04日,271,JavaScript・HTML・CSS,Webデザイン経験10年,研修3回,5.0,4.5,4.5,4.0,積極的,2024年04月22日
43O4X0Z,種村,奈緒美,タネムラ,ナオミ,1992年05月10日,2019年05月31日,71,C++・Python,組み込み開発経験8年,研修2回,4.0,3.5,4.0,4.0,向上心あり,2024年06月01日
XPMJ4A5,藤木,誠司,フジキ,セイジ,1997年01月05日,2019年11月30日,60,Java・Ruby,サーバーサイド経験5年,研修1回,4.5,4.0,4.5,4.0,リーダー経験あり,2024年03月18日
CDGK97J,木村,橙子,キムラ,トウコ,1987年09月21日,2007年12月19日,478,Python・Go,データ分析経験7年,研修2回,4.0,4.0,4.0,3.5,問題解決力高い,2024年05月30日
JFJLNF0,佐々木,佳代,ササキ,カヨ,1969年07月05日,1996年11月13日,117,JavaScript・React,フロントエンド経験6年,研修3回,4.5,4.5,4.5,4.0,コミュ力高い,2024年06月10日
7JT4VRN,藤井,太一,フジイ,タイチ,1973年12月26日,1997年09月26日,366,C#・SQL,業務系システム開発経験9年,研修2回,4.0,3.5,3.5,3.5,安定感あり,2024年04月05日
1CSNXUX,渡本,鈴,ワタモリ,スズ,1962年08月21日,2023年05月11日,530,Ruby・PHP,Webアプリ開発経験5年,研修1回,4.5,4.0,4.0,4.0,真面目,2024年05月15日
5M5J9NY,伊藤,亜由,イトウ,アユ,1976年07月06日,2002年05月11日,429,Swift・Kotlin,モバイルアプリ開発経験4年,研修2回,4.0,3.5,4.0,3.5,技術好き,2024年06月05日
6QBRM75,田村,弘,タムラ,ヒロシ,1998年01月09日,2023年12月24日,485,Java・Python,機械学習経験7年,研修3回,5.0,4.5,4.5,4.5,積極的,2024年04月20日
JRNCULJ,川中,田加,カワナカ,ユカ,1979年07月15日,2002年02月08日,216,Java・Python,システム開発経験5年,研修1回,4.5,4.0,4.0,3.5,特になし,2024年05月10日
1YA5OG7,岡石,海,オカイシ,カイ,1982年08月19日,2003年02月01日,264,JavaScript・HTML・CSS,Webデザイン経験10年,研修3回,5.0,4.5,4.5,4.0,積極的,2024年04月22日
4LWY36W,林,奈帆,ハヤシ,ナホ,1983年08月04日,2007年03月24日,536,C++・Python,組み込み開発経験8年,研修2回,4.0,3.5,4.0,4.0,向上心あり,2024年06月01日
H79WSBT,斎藤,哲也,サイトウ,テツヤ,1983年02月20日,2016年04月03日,458,Java・Ruby,サーバーサイド経験5年,研修1回,4.5,4.0,4.5,4.0,リーダー経験あり,2024年03月18日
8BSCS5G,松谷,真希,マツタニ,マキ,1991年06月15日,2018年10月15日,504,Python・Go,データ分析経験7年,研修2回,4.0,4.0,4.0,3.5,問題解決力高い,2024年05月30日
SDK30T0,木田,翔駒,キダ,ショウマ,1997年02月07日,2020年03月02日,294,JavaScript・React,フロントエンド経験6年,研修3回,4.5,4.5,4.5,4.0,コミュ力高い,2024年06月10日
1XMRV9G,田辺,嶺緒,タナベ,レオ,1994年01月30日,2018年09月09日,214,C#・SQL,業務系システム開発経験9年,研修2回,4.0,3.5,3.5,3.5,安定感あり,2024年04月05日
GPAKF0W,本田,芳樹,ルハウラ,ヌリ,1974年04月19日,2008年10月01日,360,Ruby・PHP,Webアプリ開発経験5年,研修1回,4.5,4.0,4.0,4.0,真面目,2024年05月15日
SP8LU6N,佐々木,ゆきの,ササキ,ユキノ,1962年11月01日,1999年03月27日,391,Swift・Kotlin,モバイルアプリ開発経験4年,研修2回,4.0,3.5,4.0,3.5,技術好き,2024年06月05日
IBG9IGY,佐伯,比奈,サエキ,ヒナ,1994年10月19日,2014年07月20日,8,Java・Python,機械学習経験7年,研修3回,5.0,4.5,4.5,4.5,積極的,2024年04月20日
DITDAD5,花咲,こころ,ハナサキ,ココロ,1970年08月28日,2005年08月19日,514,Java・Python,システム開発経験5年,研修1回,4.5,4.0,4.0,3.5,特になし,2024年05月10日
XQ5CCGM,木井,蘭,キイ,ラン,1970年05月05日,1992年01月07日,598,JavaScript・HTML・CSS,Webデザイン経験10年,研修3回,5.0,4.5,4.5,4.0,積極的,2024年04月22日
LQ7IBAI,織部,瑞稀,オリベ,ミズキ,1987年01月26日,2014年09月21日,540,C++・Python,組み込み開発経験8年,研修2回,4.0,3.5,4.0,4.0,向上心あり,2024年06月01日
GLTXG0M,野矢,守,ノヤ,マモル,1969年02月15日,2016年12月20日,9,Java・Ruby,サーバーサイド経験5年,研修1回,4.5,4.0,4.5,4.0,リーダー経験あり,2024年03月18日
L8D0VV5,田中,國吉,タナカ,クニヨシ,1989年02月08日,2014年02月06日,597,Python・Go,データ分析経験7年,研修2回,4.0,4.0,4.0,3.5,問題解決力高い,2024年05月30日
392AU8Q,中野,眞子,ナカノ,マコ,1973年06月10日,1993年09月16日,85,JavaScript・React,フロントエンド経験6年,研修3回,4.5,4.5,4.5,4.0,コミュ力高い,2024年06月10日
Q4MXK4O,高田,寿一,タカダ,トシカズ,2000年09月20日,2022年03月15日,530,C#・SQL,業務系システム開発経験9年,研修2回,4.0,3.5,3.5,3.5,安定感あり,2024年04月05日
XKL7BTL,津田,波,ツダ,ナミ,1977年07月03日,2005年07月05日,365,Ruby・PHP,Webアプリ開発経験5年,研修1回,4.5,4.0,4.0,4.0,真面目,2024年05月15日
3JAB0HV,舘,小三郎,ヤカタ,コザブロウ,1962年10月14日,2010年08月14日,203,Swift・Kotlin,モバイルアプリ開発経験4年,研修2回,4.0,3.5,4.0,3.5,技術好き,2024年06月05日
KUR5LY2,伊橋,翔太,イバシ,ショウタ,1960年06月27日,2010年04月08日,117,Java・Python,機械学習経験7年,研修3回,5.0,4.5,4.5,4.5,積極的,2024年04月20日
W58KZK6,吉田,龍樹,ヨシダ,タツキ,1981年05月24日,2003年06月20日,535,Java・Python,システム開発経験5年,研修1回,4.5,4.0,4.0,3.5,特になし,2024年05月10日
9BQ35ZC,川田,裕次郎,カワダ,ヤウジロウ,2000年07月13日,2022年11月15日,250,JavaScript・HTML・CSS,Webデザイン経験10年,研修3回,5.0,4.5,4.5,4.0,積極的,2024年04月22日
6RA6F7X,姫野,ゴンザレス,ヒメノ,ゴンザレス,1994年11月07日,2019年06月24日,201,C++・Python,組み込み開発経験8年,研修2回,4.0,3.5,4.0,4.0,向上心あり,2024年06月01日
59TQXQK,本村,健斗,モトムラ,ケント,1984年04月25日,2005年10月27日,371,Java・Ruby,サーバーサイド経験5年,研修1回,4.5,4.0,4.5,4.0,リーダー経験あり,2024年03月18日
VPDNYQU,石橋,塔矢,イシバシ,トウヤ,1999年12月07日,2020年01月10日,480,Python・Go,データ分析経験7年,研修2回,4.0,4.0,4.0,3.5,問題解決力高い,2024年05月30日
7OTDRM0,橋田,火張,ハシダ,ヒバリ,1974年02月18日,2009年05月04日,286,JavaScript・React,フロントエンド経験6年,研修3回,4.5,4.5,4.5,4.0,コミュ力高い,2024年06月10日
ALFHE0K,上岡,蛍,ウエオカ,ホタル,1988年01月08日,2009年08月02日,459,C#・SQL,業務系システム開発経験9年,研修2回,4.0,3.5,3.5,3.5,安定感あり,2024年04月05日
B6P466W,西中,隆盛,ニシナカ,タカモリ,1985年12月31日,2019年09月11日,94,Ruby・PHP,Webアプリ開発経験5年,研修1回,4.5,4.0,4.0,4.0,真面目,2024年05月15日
GRS6203,中村,豊嗣,ナカムラ,トヨツグ,1997年07月23日,2016年09月05日,525,Swift・Kotlin,モバイルアプリ開発経験4年,研修2回,4.0,3.5,4.0,3.5,技術好き,2024年06月05日
FIYEDT2,松野,隼人,マツノ,ハヤト,1976年05月16日,2006年07月16日,105,Java・Python,機械学習経験7年,研修3回,5.0,4.5,4.5,4.5,積極的,2024年04月20日
MA87OTS,佐中,宇利,サナカ,ウリ,1987年02月15日,2005年11月27日,259,Java・Python,システム開発経験5年,研修1回,4.5,4.0,4.0,3.5,特になし,2024年05月10日
GH1ZAYE,加藤,一木,カトウ,イチキ,1985年10月21日,2012年09月29日,540,JavaScript・HTML・CSS,Webデザイン経験10年,研修3回,5.0,4.5,4.5,4.0,積極的,2024年04月22日
VPR230M,竹中,正太,タケナカ,ショウタ,1972年06月02日,2015年08月14日,383,C++・Python,組み込み開発経験8年,研修2回,4.0,3.5,4.0,4.0,向上心あり,2024年06月01日
E7S0WJD,山藤,悠人,ヤマフジ,ユウト,1985年07月08日,2012年08月18日,68,Java・Ruby,サーバーサイド経験5年,研修1回,4.5,4.0,4.5,4.0,リーダー経験あり,2024年03月18日
D2VFWDH,土井,日向,ドイ,ヒナタ,1987年02月18日,2021年02月22日,114,Python・Go,データ分析経験7年,研修2回,4.0,4.0,4.0,3.5,問題解決力高い,2024年05月30日
YF93CLB,国木,元紀,クニキ,モトノリ,1985年11月18日,2012年07月05日,296,JavaScript・React,フロントエンド経験6年,研修3回,4.5,4.5,4.5,4.0,コミュ力高い,2024年06月10日
DFVF68M,石渡,真菜,イシワタリ,マナ,1995年06月11日,2017年09月27日,159,C#・SQL,業務系システム開発経験9年,研修2回,4.0,3.5,3.5,3.5,安定感あり,2024年04月05日
RQCP1WM,本郷時,芳樹,ホンゴウジ,ヨシキ,1978年06月07日,1998年12月12日,473,Ruby・PHP,Webアプリ開発経験5年,研修1回,4.5,4.0,4.0,4.0,真面目,2024年05月15日
YM67V55,村松,剛,ムラマツ,ツヨシ,1997年02月14日,2023年02月05日,323,Swift・Kotlin,モバイルアプリ開発経験4年,研修2回,4.0,3.5,4.0,3.5,技術好き,2024年06月05日
3BUP2HY,田木,花苗,タギ,カナエ,1996年12月24日,2023年06月07日,147,Java・Python,機械学習経験7年,研修3回,5.0,4.5,4.5,4.5,積極的,2024年04月20日
UTSROPS,中村,良樹,ナカムラ,ヨシキ,1974年03月06日,2008年07月10日,151,Java・Python,システム開発経験5年,研修1回,4.5,4.0,4.0,3.5,特になし,2024年05月10日
OVYIR33,山田,豪,ヤマダ,ゴウ,1978年07月15日,2018年12月17日,0,JavaScript・HTML・CSS,Webデザイン経験10年,研修3回,5.0,4.5,4.5,4.0,積極的,2024年04月22日
9PUCLQ7,岡本,良太,オカモト,リョウタ,1986年06月12日,2017年01月05日,136,C++・Python,組み込み開発経験8年,研修2回,4.0,3.5,4.0,4.0,向上心あり,2024年06月01日
YLROHHT,安藤,渡,アンドウ,ワタリ,1960年05月10日,2012年01月13日,414,Java・Ruby,サーバーサイド経験5年,研修1回,4.5,4.0,4.5,4.0,リーダー経験あり,2024年03月18日
U90T2UR,上橋,優吾,ウエハシ,ユウゴ,1965年07月15日,1996年08月27日,411,Python・Go,データ分析経験7年,研修2回,4.0,4.0,4.0,3.5,問題解決力高い,2024年05月30日
WZNH0W0,田中,克人,タナカ,カツト,1988年08月15日,2021年09月07日,198,JavaScript・React,フロントエンド経験6年,研修3回,4.5,4.5,4.5,4.0,コミュ力高い,2024年06月10日
LLZAE7T,裏畑,美香,ウラハタ,ミカ,1995年09月21日,2015年08月22日,391,C#・SQL,業務系システム開発経験9年,研修2回,4.0,3.5,3.5,3.5,安定感あり,2024年04月05日
0VQXL80,鮫島,健吾,サメジマ,ケンゴ,1995年08月15日,2023年03月12日,172,Ruby・PHP,Webアプリ開発経験5年,研修1回,4.5,4.0,4.0,4.0,真面目,2024年05月15日
JALG6II,小倉,真央,オグラ,マオ,1974年01月31日,2012年03月04日,168,Swift・Kotlin,モバイルアプリ開発経験4年,研修2回,4.0,3.5,4.0,3.5,技術好き,2024年06月05日
ICHQUHH,平井,弓子,ヒラバヤシ,ユミコ,1971年12月08日,1993年06月14日,486,Java・Python,機械学習経験7年,研修3回,5.0,4.5,4.5,4.5,積極的,2024年04月20日
8GG9W6P,原,朋史,ハラ,アキトシ,1980年09月14日,2014年10月30日,514,Java・Python,システム開発経験5年,研修1回,4.5,4.0,4.0,3.5,特になし,2024年05月10日
Z4MFC7P,丸山,夕,マルヤマ,ユウ,1988年05月27日,2014年04月20日,545,JavaScript・HTML・CSS,Webデザイン経験10年,研修3回,5.0,4.5,4.5,4.0,積極的,2024年04月22日
PO9M43S,上原,麻衣子,ウエハラ,マイコ,1994年07月13日,2014年06月23日,518,C++・Python,組み込み開発経験8年,研修2回,4.0,3.5,4.0,4.0,向上心あり,2024年06月01日
YLLWR9S,中野,晶,ナカノ,アキラ,1977年03月15日,2013年06月18日,325,Java・Ruby,サーバーサイド経験5年,研修1回,4.5,4.0,4.5,4.0,リーダー経験あり,2024年03月18日
07EYU9K,香川,裕太,カガワ,ユウタ,1963年10月24日,2021年09月15日,390,Python・Go,データ分析経験7年,研修2回,4.0,4.0,4.0,3.5,問題解決力高い,2024年05月30日
2QTRP8S,東,真由美,アズマ,マユミ,1976年06月21日,2016年12月31日,53,JavaScript・React,フロントエンド経験6年,研修3回,4.5,4.5,4.5,4.0,コミュ力高い,2024年06月10日
5DDJ2KG,雨宮,利明,アマミヤ,トシアキ,1973年03月19日,2009年01月16日,169,C#・SQL,業務系システム開発経験9年,研修2回,4.0,3.5,3.5,3.5,安定感あり,2024年04月05日
QV0E4FG,増田,智美,マスダ,トモミ,1981年04月28日,2014年08月24日,348,Ruby・PHP,Webアプリ開発経験5年,研修1回,4.5,4.0,4.0,4.0,真面目,2024年05月15日
N8FAX08,西村,晋平,ニシムラ,シンペイ,1979年07月04日,2018年08月12日,374,Swift・Kotlin,モバイルアプリ開発経験4年,研修2回,4.0,3.5,4.0,3.5,技術好き,2024年06月05日
D1AYDNW,平井,弓子,ヒライ,ユミコ,1981年04月16日,2012年08月02日,49,Java・Python,機械学習経験7年,研修3回,5.0,4.5,4.5,4.5,積極的,2024年04月20日
P3W866R,宮崎,俊樹,ミヤサキ,トシキ,1995年07月02日,2014年04月03日,570,Java・Python,システム開発経験5年,研修1回,4.5,4.0,4.0,3.5,特になし,2024年05月10日
W7SMFMG,野中,祐実,ノナカ,ユミ,1985年03月09日,2012年12月30日,471,JavaScript・HTML・CSS,Webデザイン経験10年,研修3回,5.0,4.5,4.5,4.0,積極的,2024年04月22日
894EKJS,増田,邦彦,マスダ,クニヒコ,1962年12月06日,2001年02月15日,160,C++・Python,組み込み開発経験8年,研修2回,4.0,3.5,4.0,4.0,向上心あり,2024年06月01日
OZGNXNA,福田,友美,フクダ,トモミ,1976年01月07日,2008年05月12日,86,Java・Ruby,サーバーサイド経験5年,研修1回,4.5,4.0,4.5,4.0,リーダー経験あり,2024年03月18日
QC8JQ1X,星,洋子,ホシ,ヨウコ,1979年04月08日,1999年01月16日,179,Python・Go,データ分析経験7年,研修2回,4.0,4.0,4.0,3.5,問題解決力高い,2024年05月30日
KP1CI80,宇都宮,吉信,ウツミヤ,ヨシノブ,1982年04月19日,2002年07月20日,316,JavaScript・React,フロントエンド経験6年,研修3回,4.5,4.5,4.5,4.0,コミュ力高い,2024年06月10日
M0HIA9S,永井,綾子,ナガイ,アヤコ,1981年07月24日,2010年07月23日,498,C#・SQL,業務系システム開発経験9年,研修2回,4.0,3.5,3.5,3.5,安定感あり,2024年04月05日
9OZXTN6,湯浅,一久,ユアサ,カズヒサ,1978年10月14日,2000年03月08日,302,Ruby・PHP,Webアプリ開発経験5年,研修1回,4.5,4.0,4.0,4.0,真面目,2024年05月15日
A1LLE3K,野田,英明,ノダ,ヒデアキ,1990年03月27日,2010年04月18日,581,Swift・Kotlin,モバイルアプリ開発経験4年,研修2回,4.0,3.5,4.0,3.5,技術好き,2024年06月05日
9G1JNXV,清原,梢,キヨハラ,コズエ,1967年01月11日,2017年06月28日,484,Java・Python,機械学習経験7年,研修3回,5.0,4.5,4.5,4.5,積極的,2024年04月20日
WADNQUB,本田,彩乃,モトダ,アヤノ,1984年02月20日,2012年05月08日,592,Java・Python,システム開発経験5年,研修1回,4.5,4.0,4.0,3.5,特になし,2024年05月10日
GRGEEPC,金川,智久,カナガワ,トモヒサ,1976年06月26日,2009年12月24日,526,JavaScript・HTML・CSS,Webデザイン経験10年,研修3回,5.0,4.5,4.5,4.0,積極的,2024年04月22日
UB4IK2M,田中,智紀,タナカ,トモキ,1975年09月25日,2022年07月26日,55,C++・Python,組み込み開発経験8年,研修2回,4.0,3.5,4.0,4.0,向上心あり,2024年06月01日
YRRZY57,小林,裕平,コバヤシ,ユウヘイ,1992年07月03日,2013年10月07日,586,Java・Ruby,サーバーサイド経験5年,研修1回,4.5,4.0,4.5,4.0,リーダー経験あり,2024年03月18日
1ICLKFE,三井,輝,ミツイ,テル,1985年08月14日,2006年08月24日,187,Python・Go,データ分析経験7年,研修2回,4.0,4.0,4.0,3.5,問題解決力高い,2024年05月30日
CCFEA94,村上,理恵,ムラカミ,リエ,1994年05月27日,2019年01月31日,171,JavaScript・React,フロントエンド経験6年,研修3回,4.5,4.5,4.5,4.0,コミュ力高い,2024年06月10日
UYXZIP1,堤,至,ツツミ,イタル,1965年06月06日,2002年08月25日,463,C#・SQL,業務系システム開発経験9年,研修2回,4.0,3.5,3.5,3.5,安定感あり,2024年04月05日
LUN8QRP,中村,真理子,ナカムラ,マリコ,1996年09月08日,2022年06月17日,160,Ruby・PHP,Webアプリ開発経験5年,研修1回,4.5,4.0,4.0,4.0,真面目,2024年05月15日
XFTL0T8,金田,直樹,カネダ,ナオキ,1995年04月07日,2017年01月11日,323,Swift・Kotlin,モバイルアプリ開発経験4年,研修2回,4.0,3.5,4.0,3.5,技術好き,2024年06月05日
71Q0RFJ,山田,純一,ヤマダ,ジュンイチ,1975年12月14日,2015年12月24日,224,Java・Python,機械学習経験7年,研修3回,5.0,4.5,4.5,4.5,積極的,2024年04月20日
CTGEAWX,菱田,道代,ヒシダ,ミチヨ,1991年02月15日,2015年03月25日,201,Java・Python,システム開発経験5年,研修1回,4.5,4.0,4.0,3.5,特になし,2024年05月10日
5KQA36Y,星野,和夫,ホシノ,カズオ,1964年06月03日,1985年04月27日,572,JavaScript・HTML・CSS,Webデザイン経験10年,研修3回,5.0,4.5,4.5,4.0,積極的,2024年04月22日
5LFZHNV,伊吹,裕一郎,イブキ,ユウイチロウ,1963年01月07日,2013年04月12日,258,C++・Python,組み込み開発経験8年,研修2回,4.0,3.5,4.0,4.0,向上心あり,2024年06月01日
RQR5CEP,榎本,英也,エノモト,ヒデナリ,1964年09月05日,1992年03月19日,67,Java・Ruby,サーバーサイド経験5年,研修1回,4.5,4.0,4.5,4.0,リーダー経験あり,2024年03月18日
8VHPLW1,池上,権蔵,イケガミ,ゴンゾウ,1996年06月01日,2014年09月04日,238,Python・Go,データ分析経験7年,研修2回,4.0,4.0,4.0,3.5,問題解決力高い,2024年05月30日
SA3KQA1,佐々木,美沙,ササキ,ミサ,1989年10月21日,2009年02月16日,1,JavaScript・React,フロントエンド経験6年,研修3回,4.5,4.5,4.5,4.0,コミュ力高い,2024年06月10日
N0OQ6HA,大町,京,オオマチ,ケイ,1993年11月14日,2012年05月14日,421,C#・SQL,業務系システム開発経験9年,研修2回,4.0,3.5,3.5,3.5,安定感あり,2024年04月05日
V56ZFAH,芦田,和市,アシダ,カズシ,1991年05月10日,2010年08月28日,288,Ruby・PHP,Webアプリ開発経験5年,研修1回,4.5,4.0,4.0,4.0,真面目,2024年05月15日
K36EQYG,安元,裕司,ヤスモト,ユウジ,1969年11月14日,2010年10月11日,342,Swift・Kotlin,モバイルアプリ開発経験4年,研修2回,4.0,3.5,4.0,3.5,技術好き,2024年06月05日
R0QI251,鈴木,隆利,スズキ,タカトシ,1970年12月05日,2012年03月28日,292,Java・Python,機械学習経験7年,研修3回,5.0,4.5,4.5,4.5,積極的,2024年04月20日
EEW5WYM,吉村,知彦,ヨシムラ,カズヒコ,1985年07月30日,2016年10月16日,265,JavaScript・HTML・CSS,Webデザイン経験10年,研修3回,5.0,4.5,4.5,4.0,積極的,2024年04月22日
EWNBRQC,石田,みく,イシダ,ミク,1973年10月31日,2007年07月29日,529,JavaScript・HTML・CSS,Webデザイン経験10年,研修3回,5.0,4.5,4.5,4.0,積極的,2024年04月22日
TX3XTUV,福山,房江,フクヤマ,フサエ,1995年06月09日,2014年08月10日,574,Java・Python,システム開発経験5年,研修1回,4.5,4.0,4.0,3.5,特になし,2024年05月10日
Y0BM1UD,芳賀,大輝,ホウガ,ダイキ,1967年08月02日,2010年04月17日,454,JavaScript・HTML・CSS,Webデザイン経験10年,研修3回,5.0,4.5,4.5,4.0,積極的,2024年04月22日
BMITN1F,内田,昌昭,ウチダ,マサテル,1979年04月06日,2011年02月21日,406,C++・Python,組み込み開発経験8年,研修2回,4.0,3.5,4.0,4.0,向上心あり,2024年06月01日
U6ZFBSJ,小林,歩,コバヤシ,アユム,1975年01月04日,2006年10月22日,239,Java・Ruby,サーバーサイド経験5年,研修1回,4.5,4.0,4.5,4.0,リーダー経験あり,2024年03月18日
JX53M8A,井原,憲二,イハラ,ケンジ,1967年02月23日,2015年02月02日,62,Python・Go,データ分析経験7年,研修2回,4.0,4.0,4.0,3.5,問題解決力高い,2024年05月30日
WN97KBS,齋藤,義一,サイトウ,ヨシイチ,1965年11月25日,2012年05月21日,533,JavaScript・React,フロントエンド経験6年,研修3回,4.5,4.5,4.5,4.0,コミュ力高い,2024年06月10日
SCEFCFQ,中井,潤,ナカイ,ジュン,1973年09月09日,2012年04月02日,159,C#・SQL,業務系システム開発経験9年,研修2回,4.0,3.5,3.5,3.5,安定感あり,2024年04月05日
51XX1VL,田村,有美,タムラ,アリミ,1969年10月21日,2010年05月08日,499,Ruby・PHP,Webアプリ開発経験5年,研修1回,4.5,4.0,4.0,4.0,真面目,2024年05月15日
2AG3OEG,植松,純子,ウエムラ,ジュンコ,1976年06月04日,2006年05月16日,186,Swift・Kotlin,モバイルアプリ開発経験4年,研修2回,4.0,3.5,4.0,3.5,技術好き,2024年06月05日
Q9T37P7,伊賀,ひろみ,イガ,ヒロミ,1962年03月11日,2016年09月28日,136,Java・Python,機械学習経験7年,研修3回,5.0,4.5,4.5,4.5,積極的,2024年04月20日
M5I4505,藤村,高行,フジムラ,タカユキ,1989年08月28日,2017年12月09日,466,Java・Python,システム開発経験5年,研修1回,4.5,4.0,4.0,3.5,特になし,2024年05月10日
TL6FB03,冨永,孝男,トミナガ,タカオ,1964年01月03日,2005年09月02日,30,JavaScript・HTML・CSS,Webデザイン経験10年,研修3回,5.0,4.5,4.5,4.0,積極的,2024年04月22日
R5I65JK,青井,恵,アオイ,メグミ,1993年06月27日,2020年08月29日,467,C++・Python,組み込み開発経験8年,研修2回,4.0,3.5,4.0,4.0,向上心あり,2024年06月01日
CFQ5GWL,山口,隆,ヤマグチ,タカシ,1998年01月21日,2020年01月01日,579,Java・Ruby,サーバーサイド経験5年,研修1回,4.5,4.0,4.5,4.0,リーダー経験あり,2024年03月18日
2B8JAJ6,明田,みく,メイデン,ミク,1974年03月28日,2018年08月05日,544,Python・Go,データ分析経験7年,研修2回,4.0,4.0,4.0,3.5,問題解決力高い,2024年05月30日
JR9SI0T,高瀬,華子,タカセ,ハナコ,1965年12月17日,2019年05月24日,264,JavaScript・React,フロントエンド経験6年,研修3回,4.5,4.5,4.5,4.0,コミュ力高い,2024年06月10日
5J83VHH,守谷,幸一,モリタニ,コウイチ,1983年08月22日,2019年12月07日,420,C#・SQL,業務系システム開発経験9年,研修2回,4.0,3.5,3.5,3.5,安定感あり,2024年04月05日
3THPO3D,西田,薫,ニシダ,カオル,1979年02月20日,2017年01月28日,259,Ruby・PHP,Webアプリ開発経験5年,研修1回,4.5,4.0,4.0,4.0,真面目,2024年05月15日
H446TD3,中野,洋史,ナカノ,ヒロシ,1966年08月17日,2014年09月23日,27,Swift・Kotlin,モバイルアプリ開発経験4年,研修2回,4.0,3.5,4.0,3.5,技術好き,2024年06月05日
D8WLT5D,杉山,裕人,スギヤマ,ユウト,1971年08月19日,2023年04月30日,8,Java・Python,機械学習経験7年,研修3回,5.0,4.5,4.5,4.5,積極的,2024年04月20日
1UPZ1XA,福村,大祐,フクムラ,ダイスケ,1962年01月18日,2020年11月02日,356,Java・Python,システム開発経験5年,研修1回,4.5,4.0,4.0,3.5,特になし,2024年05月10日
GHOITGN,田中,光太郎,タナカ,コウタロウ,1999年10月13日,2022年10月12日,144,JavaScript・HTML・CSS,Webデザイン経験10年,研修3回,5.0,4.5,4.5,4.0,積極的,2024年04月22日
4HTI1OR,渡邉,美菜子,ワタナベ,ミナコ,1960年09月05日,2019年01月01日,17,C++・Python,組み込み開発経験8年,研修2回,4.0,3.5,4.0,4.0,向上心あり,2024年06月01日
MXEI1J6,中山,麻理子,ナカヤマ,マリコ,1997年12月16日,2011年03月18日,75,Java・Ruby,サーバーサイド経験5年,研修1回,4.5,4.0,4.5,4.0,リーダー経験あり,2024年03月18日
V5WJ67D,瀧本,哲人,タキモト,テツト,1965年07月24日,2013年09月23日,463,Python・Go,データ分析経験7年,研修2回,4.0,4.0,4.0,3.5,問題解決力高い,2024年05月30日
XO11MQI,塚本,久美子,ツカモト,クミコ,1968年11月30日,2015年10月10日,249,JavaScript・React,フロントエンド経験6年,研修3回,4.5,4.5,4.5,4.0,コミュ力高い,2024年06月10日
WBD856D,桐山,佳代,キリヤマ,カヨ,1979年05月22日,2013年09月30日,573,C#・SQL,業務系システム開発経験9年,研修2回,4.0,3.5,3.5,3.5,安定感あり,2024年04月05日
HJL8GCL,藤本,絵理,フジモト,エリ,1999年07月25日,2006年02月18日,425,Ruby・PHP,Webアプリ開発経験5年,研修1回,4.5,4.0,4.0,4.0,真面目,2024年05月15日
6KJOIOV,伊藤,誠一,イトウ,セイイチ,1968年06月12日,2005年02月23日,303,Swift・Kotlin,モバイルアプリ開発経験4年,研修2回,4.0,3.5,4.0,3.5,技術好き,2024年06月05日
3HX6QWG,伊藤,悠人,イトウ,ユウト,1960年06月27日,2009年06月26日,367,Java・Python,機械学習経験7年,研修3回,5.0,4.5,4.5,4.5,積極的,2024年04月20日
97J428J,崎浜,一博,サキハマ,カズヒロ,1961年12月18日,2008年07月24日,279,Java・Python,システム開発経験5年,研修1回,4.5,4.0,4.0,3.5,特になし,2024年05月10日
1PWTN2G,佐久間,健,サクマ,ケン,1984年05月26日,2013年09月23日,72,JavaScript・HTML・CSS,Webデザイン経験10年,研修3回,5.0,4.5,4.5,4.0,積極的,2024年04月22日
FLE5Q9A,杉原,博之,スギハラ,ノリヒロ,1978年06月20日,2006年09月23日,480,C++・Python,組み込み開発経験8年,研修2回,4.0,3.5,4.0,4.0,向上心あり,2024年06月01日
38MZKZD,小林,悟,コバヤシ,サトル,1969年08月14日,2008年06月14日,431,Java・Ruby,サーバーサイド経験5年,研修1回,4.5,4.0,4.5,4.0,リーダー経験あり,2024年03月18日
V8XE7XY,松田,源太郎,マツダ,ゲンタロウ,1977年05月12日,2023年03月15日,583,Python・Go,データ分析経験7年,研修2回,4.0,4.0,4.0,3.5,問題解決力高い,2024年05月30日
S47Z1FH,内山,浩司,ウチヤマ,ヒロシ,1990年01月20日,2013年11月19日,597,JavaScript・React,フロントエンド経験6年,研修3回,4.5,4.5,4.5,4.0,コミュ力高い,2024年06月10日
82NCFLP,大岡,玲子,オオオカ,レイコ,1967年08月21日,2015年06月13日,258,C#・SQL,業務系システム開発経験9年,研修2回,4.0,3.5,3.5,3.5,安定感あり,2024年04月05日
F2S5P8X,小石,千恵,コイシ,チエ,1975年07月22日,2018年01月02日,418,Ruby・PHP,Webアプリ開発経験5年,研修1回,4.5,4.0,4.0,4.0,真面目,2024年05月15日
D7NFF7C,村主,一広,ムラヌシ,カズヒロ,1998年03月18日,2007年12月17日,418,Swift・Kotlin,モバイルアプリ開発経験4年,研修2回,4.0,3.5,4.0,3.5,技術好き,2024年06月05日
3X5QLPZ,林,佳典,ハヤシ,カノン,1989年06月04日,2013年02月06日,147,Java・Python,機械学習経験7年,研修3回,5.0,4.5,4.5,4.5,積極的,2024年04月20日
RXVR1XH,宮川,敏朗,ミヤガワ,トシロウ,1974年01月31日,2013年05月06日,284,Java・Python,システム開発経験5年,研修1回,4.5,4.0,4.0,3.5,特になし,2024年05月10日
IZIUWNI,馬場,由紀子,ババ,ユキコ,1981年10月25日,2017年10月09日,470,JavaScript・HTML・CSS,Webデザイン経験10年,研修3回,5.0,4.5,4.5,4.0,積極的,2024年04月22日
GHCXZH4,池田,大輔,イケダ,ダイスケ,1985年10月28日,2015年06月09日,163,C++・Python,組み込み開発経験8年,研修2回,4.0,3.5,4.0,4.0,向上心あり,2024年06月01日
R5J7WL2,三澤,幸子,ミサワ,サチコ,1993年10月24日,2018年07月20日,389,Java・Ruby,サーバーサイド経験5年,研修1回,4.5,4.0,4.5,4.0,リーダー経験あり,2024年03月18日
FQHXTMM,佐々木,直,ササキ,スナオ,1967年03月09日,2009年04月18日,115,Python・Go,データ分析経験7年,研修2回,4.0,4.0,4.0,3.5,問題解決力高い,2024年05月30日
8CLVMXW,宮間,貴志,ミヤマ,タカシ,1997年04月02日,2023年01月25日,237,JavaScript・React,フロントエンド経験6年,研修3回,4.5,4.5,4.5,4.0,コミュ力高い,2024年06月10日
M6AQDSY,河瀬,薫,カワセ,カオル,1976年11月20日,2005年08月09日,157,C#・SQL,業務系システム開発経験9年,研修2回,4.0,3.5,3.5,3.5,安定感あり,2024年04月05日
ZMFKTPH,長岡,正隆,ナガオカ,マサタカ,1998年10月12日,2022年07月31日,415,Ruby・PHP,Webアプリ開発経験5年,研修1回,4.5,4.0,4.0,4.0,真面目,2024年05月15日
XZ95L9W,藤井,諭,フジイ,サトル,1961年05月16日,2018年07月22日,567,Swift・Kotlin,モバイルアプリ開発経験4年,研修2回,4.0,3.5,4.0,3.5,技術好き,2024年06月05日
FT0RCPI,廣田,真弓,ヒロタ,マユミ,1963年10月19日,2017年07月09日,44,Java・Python,機械学習経験7年,研修3回,5.0,4.5,4.5,4.5,積極的,2024年04月20日
GUJ2F7M,小倉,勝人,オグラ,マサト,1963年11月11日,2013年04月18日,367,Java・Python,システム開発経験5年,研修1回,4.5,4.0,4.0,3.5,特になし,2024年05月10日
HFXVRO8,今村,美代子,イマムラ,ミヨコ,1982年09月14日,2017年11月26日,138,JavaScript・HTML・CSS,Webデザイン経験10年,研修3回,5.0,4.5,4.5,4.0,積極的,2024年04月22日
6H0WM4I,野上,幹太,ノガミ,ミキタ,1977年07月08日,2005年10月07日,61,C++・Python,組み込み開発経験8年,研修2回,4.0,3.5,4.0,4.0,向上心あり,2024年06月01日
5CKHWKF,安藤,雄,アンドウ,ユウ,1976年12月26日,2005年05月30日,380,Java・Ruby,サーバーサイド経験5年,研修1回,4.5,4.0,4.5,4.0,リーダー経験あり,2024年03月18日
DU137HY,中島,浩,ナカジマ,ヒロシ,1968年03月10日,2014年12月23日,599,Python・Go,データ分析経験7年,研修2回,4.0,4.0,4.0,3.5,問題解決力高い,2024年05月30日
L4W0PLR,入山,白,イリヤマ,ハク,1967年01月19日,2018年09月15日,487,JavaScript・React,フロントエンド経験6年,研修3回,4.5,4.5,4.5,4.0,コミュ力高い,2024年06月10日
UQF5GB3,久保,圭介,クボ,ケイスケ,1977年04月05日,2011年12月12日,356,C#・SQL,業務系システム開発経験9年,研修2回,4.0,3.5,3.5,3.5,安定感あり,2024年04月05日
OMKNMI9,佐藤,幸司,サトウ,コウジ,1982年11月20日,2012年08月29日,77,Ruby・PHP,Webアプリ開発経験5年,研修1回,4.5,4.0,4.0,4.0,真面目,2024年05月15日
G6ATHYG,平良,瑞希,ヒラガ,ミズキ,1968年06月11日,2018年09月14日,66,Swift・Kotlin,モバイルアプリ開発経験4年,研修2回,4.0,3.5,4.0,3.5,技術好き,2024年06月05日
27JIGPC,田辺,学,タナベ,マナブ,1976年03月15日,2021年10月23日,75,Java・Python,機械学習経験7年,研修3回,5.0,4.5,4.5,4.5,積極的,2024年04月20日
YXN0OU1,吉田,晴加,ヨシダ,ハルカ,1988年12月31日,2020年01月09日,83,Java・Python,システム開発経験5年,研修1回,4.5,4.0,4.0,3.5,特になし,2024年05月10日
34SPQ41,秋本,功,アキモト,コウ,1995年10月20日,2014年05月05日,276,JavaScript・HTML・CSS,Webデザイン経験10年,研修3回,5.0,4.5,4.5,4.0,積極的,2024年04月22日
FEEZCVM,倉持,愛子,クラモチ,アイコ,1999年11月26日,2018年03月08日,78,C++・Python,組み込み開発経験8年,研修2回,4.0,3.5,4.0,4.0,向上心あり,2024年06月01日
9PK2HP6,芳野,さとし,ヨシノ,サトシ,1999年06月11日,2005年02月07日,262,Java・Ruby,サーバーサイド経験5年,研修1回,4.5,4.0,4.5,4.0,リーダー経験あり,2024年03月18日
0K378TU,平子,洋一,ヒラコ,ヨウイチ,1990年12月07日,2017年10月10日,143,Python・Go,データ分析経験7年,研修2回,4.0,4.0,4.0,3.5,問題解決力高い,2024年05月30日
CIBTGC4,大野,健二郎,オオノ,ケンジロウ,1991年10月03日,2018年12月13日,57,JavaScript・React,フロントエンド経験6年,研修3回,4.5,4.5,4.5,4.0,コミュ力高い,2024年06月10日
WWI1Q13,今橋,恵美子,イマバシ,エミコ,1986年08月20日,2019年08月24日,325,C#・SQL,業務系システム開発経験9年,研修2回,4.0,3.5,3.5,3.5,安定感あり,2024年04月05日
QEL59IT,鈴木,昌彦,スズキ,マサヒコ,1960年05月26日,2005年08月07日,315,Ruby・PHP,Webアプリ開発経験5年,研修1回,4.5,4.0,4.0,4.0,真面目,2024年05月15日
LL0P5EH,三宅,実里,ミヤケ,ミノリ,1987年08月10日,2023年02月17日,113,Swift・Kotlin,モバイルアプリ開発経験4年,研修2回,4.0,3.5,4.0,3.5,技術好き,2024年06月05日
M9FIQ6D,中務,奈央子,ナカツカ,ナオコ,1968年03月22日,2017年09月18日,345,Java・Python,機械学習経験7年,研修3回,5.0,4.5,4.5,4.5,積極的,2024年04月20日
OC8S9KS,竹内,明子,タケウチ,アキコ,1977年12月15日,2013年04月03日,60,Java・Python,システム開発経験5年,研修1回,4.5,4.0,4.0,3.5,特になし,2024年05月10日
5A8Q5I1,山下,貴光,ヤマシタ,タカテル,1997年02月05日,2013年05月24日,418,JavaScript・HTML・CSS,Webデザイン経験10年,研修3回,5.0,4.5,4.5,4.0,積極的,2024年04月22日
JX9JS52,綾部,志帆,アヤベ,シホ,1965年05月14日,2023年09月08日,393,C++・Python,組み込み開発経験8年,研修2回,4.0,3.5,4.0,4.0,向上心あり,2024年06月01日
QO1N1JE,熊野,真二,クマノ,シンジ,1973年01月02日,2013年07月04日,346,Java・Ruby,サーバーサイド経験5年,研修1回,4.5,4.0,4.5,4.0,リーダー経験あり,2024年03月18日
31J0WZP,鎌田,亮輔,カマダ,リョウスケ,1971年05月15日,2022年08月13日,509,Python・Go,データ分析経験7年,研修2回,4.0,4.0,4.0,3.5,問題解決力高い,2024年05月30日
KIGBNH3,荒,謙二,アラ,ケンジ,1981年03月12日,2016年10月30日,355,JavaScript・React,フロントエンド経験6年,研修3回,4.5,4.5,4.5,4.0,コミュ力高い,2024年06月10日
D258KF6,山入端,知美,ヤマイリバシ,カズミ,1995年05月28日,2006年09月27日,333,C#・SQL,業務系システム開発経験9年,研修2回,4.0,3.5,3.5,3.5,安定感あり,2024年04月05日
EWGLOO3,本橋,久司,モトハシ,ヒサシ,1973年02月27日,2018年10月28日,595,Ruby・PHP,Webアプリ開発経験5年,研修1回,4.5,4.0,4.0,4.0,真面目,2024年05月15日
1KMEF2S,吉泉,潤,ヨシイズミ,ラン,1987年08月27日,2015年06月25日,507,Swift・Kotlin,モバイルアプリ開発経験4年,研修2回,4.0,3.5,4.0,3.5,技術好き,2024年06月05日
O0ZGJH9,原田,達朗,ハラダ,タツロウ,1981年06月17日,2019年01月07日,66,Java・Python,機械学習経験7年,研修3回,5.0,4.5,4.5,4.5,積極的,2024年04月20日
3C6YPWY,大塚,和也,オオツカ,カズヤ,1984年01月24日,2007年06月10日,512,Java・Python,システム開発経験5年,研修1回,4.5,4.0,4.0,3.5,特になし,2024年05月10日
MK9LV6M,鈴木,正博,スズキ,マサヒロ,1980年04月07日,2008年05月11日,150,JavaScript・HTML・CSS,Webデザイン経験10年,研修3回,5.0,4.5,4.5,4.0,積極的,2024年04月22日
I1PRHGY,新谷,一郎,シンタニ,イチロウ,1963年02月11日,2014年06月23日,482,C++・Python,組み込み開発経験8年,研修2回,4.0,3.5,4.0,4.0,向上心あり,2024年06月01日
1AKEGVX,丸山,一則,マルヤマ,カズノリ,1984年09月16日,2020年10月11日,39,Java・Ruby,サーバーサイド経験5年,研修1回,4.5,4.0,4.5,4.0,リーダー経験あり,2024年03月18日
PA8M19W,木村,省二,キムラ,ショウジ,1982年12月03日,2017年03月18日,344,Python・Go,データ分析経験7年,研修2回,4.0,4.0,4.0,3.5,問題解決力高い,2024年05月30日
AQHZ1O1,青木,明良,アオキ,アキラ,1971年05月24日,2023年06月04日,580,JavaScript・React,フロントエンド経験6年,研修3回,4.5,4.5,4.5,4.0,コミュ力高い,2024年06月10日
V040RM6,高橋,典子,タカハシ,ノリコ,1994年11月16日,2010年02月19日,267,C#・SQL,業務系システム開発経験9年,研修2回,4.0,3.5,3.5,3.5,安定感あり,2024年04月05日
GMT5O8T,本田,晴菜,ホンダ,ハルナ,1960年05月26日,2010年04月21日,476,Ruby・PHP,Webアプリ開発経験5年,研修1回,4.5,4.0,4.0,4.0,真面目,2024年05月15日
VHM83RL,西川,雅彦,ニシカワ,マサヒコ,1962年08月01日,2020年03月13日,579,Swift・Kotlin,モバイルアプリ開発経験4年,研修2回,4.0,3.5,4.0,3.5,技術好き,2024年06月05日
B9IU1QK,村上,弘之,ムラカミ,ヒロノ,1976年04月16日,2010年03月23日,45,Java・Python,機械学習経験7年,研修3回,5.0,4.5,4.5,4.5,積極的,2024年04月20日
NXDK68E,篠原,純一,シノハラ,ジュンイチ,1999年12月11日,2022年07月19日,86,Java・Python,システム開発経験5年,研修1回,4.5,4.0,4.0,3.5,特になし,2024年05月10日
CDK5HD1,佐藤,慎治,サトウ,シンジ,1986年12月23日,2015年02月17日,407,JavaScript・HTML・CSS,Webデザイン経験10年,研修3回,5.0,4.5,4.5,4.0,積極的,2024年04月22日
6YK0L3G,鈴木,みお,スズキ,ミオ,1979年10月30日,2016年10月03日,372,C++・Python,組み込み開発経験8年,研修2回,4.0,3.5,4.0,4.0,向上心あり,2024年06月01日
F36P0R9,田中,隼人,タナカ,ハヤト,1975年07月04日,2021年07月05日,573,Java・Ruby,サーバーサイド経験5年,研修1回,4.5,4.0,4.5,4.0,リーダー経験あり,2024年03月18日
1OAGXAR,益永,梓,エキナガ,アズサ,1984年05月01日,2007年12月31日,143,Python・Go,データ分析経験7年,研修2回,4.0,4.0,4.0,3.5,問題解決力高い,2024年05月30日
D849AZG,嶋崎,直行,シマザキ,ナオユキ,1965年03月03日,2016年08月12日,327,JavaScript・React,フロントエンド経験6年,研修3回,4.5,4.5,4.5,4.0,コミュ力高い,2024年06月10日
R45QO8L,池田,健太郎,イケダ,ケンタロウ,1981年12月23日,2014年06月27日,436,C#・SQL,業務系システム開発経験9年,研修2回,4.0,3.5,3.5,3.5,安定感あり,2024年04月05日
K6PC1Z8,釜谷,真一,カマタニ,シンイチ,1965年02月17日,2016年05月12日,146,Ruby・PHP,Webアプリ開発経験5年,研修1回,4.5,4.0,4.0,4.0,真面目,2024年05月15日
56QPCS9,宮脇,憲史,ミヤワキ,ケンシ,1977年06月19日,2010年03月18日,517,Swift・Kotlin,モバイルアプリ開発経験4年,研修2回,4.0,3.5,4.0,3.5,技術好き,2024年06月05日
KU6C4ZQ,青木,健,アオキ,タケル,1962年12月12日,2023年04月27日,500,Java・Python,機械学習経験7年,研修3回,5.0,4.5,4.5,4.5,積極的,2024年04月20日
CTHC7XS,勝部,翔太,マサベ,ショウタ,2003年07月26日,2034年07月20日,70,Java・Python,システム開発経験5年,研修1回,4.5,4.0,4.0,3.5,特になし,2024年05月10日
O74SKCB,山本,清美,ヤマモト,キヨミ,1977年06月11日,2000年04月17日,262,JavaScript・HTML・CSS,Webデザイン経験10年,研修3回,5.0,4.5,4.5,4.0,積極的,2024年04月22日
UWZ0Q6P,吉田,恵子,ヨシダ,ケイコ,1972年07月11日,1995年05月08日,450,C++・Python,組み込み開発経験8年,研修2回,4.0,3.5,4.0,4.0,向上心あり,2024年06月01日
6LHEB1U,西山,悟,ニシヤマ,サトル,2002年11月03日,2031年09月07日,113,Java・Ruby,サーバーサイド経験5年,研修1回,4.5,4.0,4.5,4.0,リーダー経験あり,2024年03月18日
CBU0OBM,室井,めぐみ,ムロイ,メグミ,1992年02月28日,2027年11月14日,130,Python・Go,データ分析経験7年,研修2回,4.0,4.0,4.0,3.5,問題解決力高い,2024年05月30日
5BVTCJI,疋田,大輔,ヒキダ,ダイスケ,2015年08月02日,2044年02月06日,430,JavaScript・React,フロントエンド経験6年,研修3回,4.5,4.5,4.5,4.0,コミュ力高い,2024年06月10日
18AQXEX,加藤,歩,カトウ,アユム,2022年01月28日,2061年05月16日,517,C#・SQL,業務系システム開発経験9年,研修2回,4.0,3.5,3.5,3.5,安定感あり,2024年04月05日
SHYS9PJ,福永,藍子,フクナガ,アイコ,1991年05月31日,2016年10月19日,189,Ruby・PHP,Webアプリ開発経験5年,研修1回,4.5,4.0,4.0,4.0,真面目,2024年05月15日
SPV5XP6,中島,孝弘,ナカジマ,タカヒロ,2003年03月18日,2032年06月26日,93,Swift・Kotlin,モバイルアプリ開発経験4年,研修2回,4.0,3.5,4.0,3.5,技術好き,2024年06月05日
5UEWUE0,山本,幸男,ヤマモト,サチオ,1997年02月24日,2033年04月11日,349,Java・Python,機械学習経験7年,研修3回,5.0,4.5,4.5,4.5,積極的,2024年04月20日
QCU41E6,漆畑,徹,ウルシハラ,テツ,1994年11月11日,2018年05月10日,148,Java・Python,システム開発経験5年,研修1回,4.5,4.0,4.0,3.5,特になし,2024年05月10日
LA6JT1B,高田,博一,タカダ,ヒロシ,1999年10月10日,2022年05月22日,540,JavaScript・HTML・CSS,Webデザイン経験10年,研修3回,5.0,4.5,4.5,4.0,積極的,2024年04月22日
4QE98UB,佐々木,恵美,ササキ,エミ,1977年02月21日,2001年09月19日,179,C++・Python,組み込み開発経験8年,研修2回,4.0,3.5,4.0,4.0,向上心あり,2024年06月01日
O2W21C9,鈴木,智子,スズキ,トモコ,1997年12月26日,2035年10月03日,593,Java・Ruby,サーバーサイド経験5年,研修1回,4.5,4.0,4.5,4.0,リーダー経験あり,2024年03月18日
GP29SK0,園田,俊輔,ソノダ,トシヒロ,2019年05月13日,2040年12月14日,200,Python・Go,データ分析経験7年,研修2回,4.0,4.0,4.0,3.5,問題解決力高い,2024年05月30日
AXIRYX6,村上,佳代子,ムラカミ,カヨコ,1973年08月14日,2001年02月06日,240,JavaScript・React,フロントエンド経験6年,研修3回,4.5,4.5,4.5,4.0,コミュ力高い,2024年06月10日
PDLY4G6,山本,圭子,ヤマモト,ケイコ,1989年04月18日,2018年04月11日,552,C#・SQL,業務系システム開発経験9年,研修2回,4.0,3.5,3.5,3.5,安定感あり,2024年04月05日
4K992YF,高石,典子,タカイシ,ノリコ,1990年05月21日,2029年03月07日,32,Ruby・PHP,Webアプリ開発経験5年,研修1回,4.5,4.0,4.0,4.0,真面目,2024年05月15日
N1BTOKV,北村,俊斗,キタムラ,シュント,1994年12月17日,2025年11月24日,279,Swift・Kotlin,モバイルアプリ開発経験4年,研修2回,4.0,3.5,4.0,3.5,技術好き,2024年06月05日
T8S0LA0,羽鳥,直美,ハトリ,ナオミ,1986年01月04日,2022年04月23日,197,Java・Python,機械学習経験7年,研修3回,5.0,4.5,4.5,4.5,積極的,2024年04月20日
67UNRP9,河合,千賀子,カワイ,チカコ,1970年02月14日,1993年06月01日,158,Java・Python,システム開発経験5年,研修1回,4.5,4.0,4.0,3.5,特になし,2024年05月10日
TWYIEZ4,天野,学,アマノ,マナブ,2004年02月04日,2035年04月08日,576,JavaScript・HTML・CSS,Webデザイン経験10年,研修3回,5.0,4.5,4.5,4.0,積極的,2024年04月22日
JIJZI0F,丸山,奈保子,マルヤマ,ナホコ,1991年09月07日,2012年11月02日,244,C++・Python,組み込み開発経験8年,研修2回,4.0,3.5,4.0,4.0,向上心あり,2024年06月01日
159GOUF,平林,雅弘,ヒラバヤシ,マサヒロ,1983年06月14日,2010年08月10日,39,Java・Ruby,サーバーサイド経験5年,研修1回,4.5,4.0,4.5,4.0,リーダー経験あり,2024年03月18日
QI62H7N,阿部,恵理,アベ,エリ,2001年11月10日,2028年02月09日,272,Python・Go,データ分析経験7年,研修2回,4.0,4.0,4.0,3.5,問題解決力高い,2024年05月30日
XCKE39F,坂梨,仁,サカナシ,ジン,2011年01月04日,2039年05月24日,406,JavaScript・React,フロントエンド経験6年,研修3回,4.5,4.5,4.5,4.0,コミュ力高い,2024年06月10日
V3J0BIH,中山,かおり,ナカヤマ,カオリ,2007年11月20日,2031年10月24日,402,C#・SQL,業務系システム開発経験9年,研修2回,4.0,3.5,3.5,3.5,安定感あり,2024年04月05日
JR7G2GQ,江頭,直樹,エガシラ,ナオキ,2018年05月05日,2052年06月13日,445,Ruby・PHP,Webアプリ開発経験5年,研修1回,4.5,4.0,4.0,4.0,真面目,2024年05月15日
9BNDGV3,緒方,敦史,オガタ,アツシ,1971年09月30日,2003年10月26日,133,Swift・Kotlin,モバイルアプリ開発経験4年,研修2回,4.0,3.5,4.0,3.5,技術好き,2024年06月05日
SOEYGEW,黒田,毅,クロダ,ツヨシ,2017年01月05日,2054年06月16日,580,Java・Python,機械学習経験7年,研修3回,5.0,4.5,4.5,4.5,積極的,2024年04月20日
8EVVLW5,小林,絵里花,コバヤシ,エリカ,1996年06月28日,2033年03月30日,459,Java・Python,システム開発経験5年,研修1回,4.5,4.0,4.0,3.5,特になし,2024年05月10日
RX2PSX8,野村,秀樹,ノムラ,ヒデキ,2008年06月28日,2046年05月20日,227,JavaScript・HTML・CSS,Webデザイン経験10年,研修3回,5.0,4.5,4.5,4.0,積極的,2024年04月22日
E5AS6MW,渡邊,聡,ワタナベ,サトシ,2019年02月02日,2039年10月22日,343,C++・Python,組み込み開発経験8年,研修2回,4.0,3.5,4.0,4.0,向上心あり,2024年06月01日
83W72U2,藤森,藍,フジモリ,アイ,2015年02月14日,2047年09月21日,237,Java・Ruby,サーバーサイド経験5年,研修1回,4.5,4.0,4.5,4.0,リーダー経験あり,2024年03月18日
XPAO9UV,岩本,智裕,イワモト,トモヒロ,2017年11月05日,2053年01月02日,585,Python・Go,データ分析経験7年,研修2回,4.0,4.0,4.0,3.5,問題解決力高い,2024年05月30日
GUO1USW,古荘,孝行,コソウ,タカユキ,1995年02月25日,2026年07月17日,322,JavaScript・React,フロントエンド経験6年,研修3回,4.5,4.5,4.5,4.0,コミュ力高い,2024年06月10日
CVILS7W,中川,竜平,ナカガワ,リュウヘイ,1995年09月15日,2024年10月11日,45,C#・SQL,業務系システム開発経験9年,研修2回,4.0,3.5,3.5,3.5,安定感あり,2024年04月05日
FM1CK5H,林,康成,ハヤシ,タカナリ,1996年02月16日,2026年01月25日,364,Ruby・PHP,Webアプリ開発経験5年,研修1回,4.5,4.0,4.0,4.0,真面目,2024年05月15日
J26497Z,仲,陽子,ナカ,ヨウコ,2004年11月05日,2043年05月25日,462,Swift・Kotlin,モバイルアプリ開発経験4年,研修2回,4.0,3.5,4.0,3.5,技術好き,2024年06月05日
7PR91FR,木暮,誠一,コグレ,セイイチ,2005年10月23日,2028年01月26日,9,Java・Python,機械学習経験7年,研修3回,5.0,4.5,4.5,4.5,積極的,2024年04月20日
J3UMBX7,岡野,徹,オカノ,トオル,1981年06月20日,2001年11月17日,487,Java・Python,システム開発経験5年,研修1回,4.5,4.0,4.0,3.5,特になし,2024年05月10日
K52C4NZ,田中,一成,タナカ,カズナリ,2006年03月05日,2026年07月11日,338,JavaScript・HTML・CSS,Webデザイン経験10年,研修3回,5.0,4.5,4.5,4.0,積極的,2024年04月22日
47KGIEL,溝口,啓二,ミゾグチ,ケイジ,2019年10月15日,2048年03月24日,457,C++・Python,組み込み開発経験8年,研修2回,4.0,3.5,4.0,4.0,向上心あり,2024年06月01日
318WXPH,榎本,順二,エノモト,ジュンジ,1976年08月29日,2007年02月15日,79,Java・Ruby,サーバーサイド経験5年,研修1回,4.5,4.0,4.5,4.0,リーダー経験あり,2024年03月18日
FIBBZL5,高橋,美穂,タカハシ,ミホ,1970年03月06日,2000年11月05日,579,Python・Go,データ分析経験7年,研修2回,4.0,4.0,4.0,3.5,問題解決力高い,2024年05月30日
QT9DO20,大島,伸樹,オオシマ,ノブキ,2010年03月10日,2033年07月06日,111,JavaScript・React,フロントエンド経験6年,研修3回,4.5,4.5,4.5,4.0,コミュ力高い,2024年06月10日
4I69AW9,高田,寛,タカダ,タカ,1975年02月19日,2013年04月22日,63,C#・SQL,業務系システム開発経験9年,研修2回,4.0,3.5,3.5,3.5,安定感あり,2024年04月05日
35D2GH0,大塚,清,オオツカ,キヨシ,1992年04月01日,2017年09月30日,189,Ruby・PHP,Webアプリ開発経験5年,研修1回,4.5,4.0,4.0,4.0,真面目,2024年05月15日
LO6HVUA,藤浦,伸弘,フジウラ,ノブヒロ,1989年01月24日,2011年06月02日,90,Swift・Kotlin,モバイルアプリ開発経験4年,研修2回,4.0,3.5,4.0,3.5,技術好き,2024年06月05日
Y1FZYHX,桑山,なな,クワヤマ,ナナ,2021年10月13日,2050年05月01日,259,Java・Python,機械学習経験7年,研修3回,5.0,4.5,4.5,4.5,積極的,2024年04月20日
G1SVYU1,菅原,さとみ,スガワラ,サトミ,1972年05月23日,2010年08月10日,345,Java・Python,システム開発経験5年,研修1回,4.5,4.0,4.0,3.5,特になし,2024年05月10日
QOA26WL,廣瀬,晋,ヒロセ,シン,2002年01月23日,2022年01月25日,219,JavaScript・HTML・CSS,Webデザイン経験10年,研修3回,5.0,4.5,4.5,4.0,積極的,2024年04月22日
HQRL2Q2,齋藤,ナナ,サイトウ,ナナ,2007年10月10日,2043年11月22日,526,C++・Python,組み込み開発経験8年,研修2回,4.0,3.5,4.0,4.0,向上心あり,2024年06月01日
M2F30B4,藤原,みちる,フジワラ,ミチル,1972年06月13日,1993年08月07日,161,Java・Ruby,サーバーサイド経験5年,研修1回,4.5,4.0,4.5,4.0,リーダー経験あり,2024年03月18日
H2ICEA4,林,知美,ハヤシ,トモミ,1975年03月22日,2009年12月22日,443,Python・Go,データ分析経験7年,研修2回,4.0,4.0,4.0,3.5,問題解決力高い,2024年05月30日
KD2FTIU,鈴木,晃,スズキ,アキラ,1973年04月02日,2005年07月23日,153,JavaScript・React,フロントエンド経験6年,研修3回,4.5,4.5,4.5,4.0,コミュ力高い,2024年06月10日
6M0EWEH,加藤,美紀,カトウ,ミノリ,1993年08月08日,2023年12月25日,106,C#・SQL,業務系システム開発経験9年,研修2回,4.0,3.5,3.5,3.5,安定感あり,2024年04月05日
YTRUMDP,佐藤,純子,サトウ,ジュンコ,1995年09月01日,2033年07月01日,477,Ruby・PHP,Webアプリ開発経験5年,研修1回,4.5,4.0,4.0,4.0,真面目,2024年05月15日
G1DLBIY,新関,徹,ニイゼキ,トオル,1984年05月22日,2003年11月11日,350,Swift・Kotlin,モバイルアプリ開発経験4年,研修2回,4.0,3.5,4.0,3.5,技術好き,2024年06月05日
HRI694V,大野,公宏,オオノ,コウヒロ,2011年07月28日,2039年08月21日,93,Java・Python,機械学習経験7年,研修3回,5.0,4.5,4.5,4.5,積極的,2024年04月20日
YKK0VMA,松山,奈津子,マツヤマ,ナツコ,2010年04月06日,2050年01月22日,248,Java・Python,システム開発経験5年,研修1回,4.5,4.0,4.0,3.5,特になし,2024年05月10日
IE6ECJK,松下,智彦,マツシタ,トモヒコ,2022年12月11日,2049年07月31日,570,JavaScript・HTML・CSS,Webデザイン経験10年,研修3回,5.0,4.5,4.5,4.0,積極的,2024年04月22日
50YRCV9,山田,慶子,ヤマダ,ケイコ,1973年02月25日,2001年04月28日,263,C++・Python,組み込み開発経験8年,研修2回,4.0,3.5,4.0,4.0,向上心あり,2024年06月01日
AQX6F4F,尾崎,拓樹,オザキ,ヒロキ,2007年04月05日,2028年12月16日,449,Java・Ruby,サーバーサイド経験5年,研修1回,4.5,4.0,4.5,4.0,リーダー経験あり,2024年03月18日
6XKK68K,山根,成,ヤマネ,ナル,2018年10月26日,2048年09月12日,464,Python・Go,データ分析経験7年,研修2回,4.0,4.0,4.0,3.5,問題解決力高い,2024年05月30日
VN9R73V,尾関,哲也,オゼキ,テツヤ,2005年04月22日,2037年12月16日,564,JavaScript・React,フロントエンド経験6年,研修3回,4.5,4.5,4.5,4.0,コミュ力高い,2024年06月10日
QJQ25WR,山野,英男,ヤマノ,ヒデオ,2002年05月26日,2022年07月28日,356,C#・SQL,業務系システム開発経験9年,研修2回,4.0,3.5,3.5,3.5,安定感あり,2024年04月05日
PT6XBYU,生田,真木子,イクタ,マキコ,1988年07月03日,2028年11月18日,418,Ruby・PHP,Webアプリ開発経験5年,研修1回,4.5,4.0,4.0,4.0,真面目,2024年05月15日
W2WB67A,三宅,翔,ミヤケ,カケル,1998年08月28日,2019年06月03日,520,Swift・Kotlin,モバイルアプリ開発経験4年,研修2回,4.0,3.5,4.0,3.5,技術好き,2024年06月05日
AC6D5V0,霜村,由美,シモムラ,ユミ,1989年07月19日,2026年01月27日,152,Java・Python,機械学習経験7年,研修3回,5.0,4.5,4.5,4.5,積極的,2024年04月20日
A8ODNQ8,藤野,弘,フジノ,ヒロシ,1976年04月01日,2012年07月07日,353,Java・Python,システム開発経験5年,研修1回,4.5,4.0,4.0,3.5,特になし,2024年05月10日
QH6FH9X,吉村,輝,ヨシムラ,テル,2005年09月14日,2033年04月11日,258,JavaScript・HTML・CSS,Webデザイン経験10年,研修3回,5.0,4.5,4.5,4.0,積極的,2024年04月22日
5AMDW18,畔柳,優美子,ハンナギ,ユミコ,2003年07月10日,2038年06月02日,190,C++・Python,組み込み開発経験8年,研修2回,4.0,3.5,4.0,4.0,向上心あり,2024年06月01日
A3X3U75,西川,真司,ニシカワ,マサシ,2009年12月30日,2049年11月02日,356,Java・Ruby,サーバーサイド経験5年,研修1回,4.5,4.0,4.5,4.0,リーダー経験あり,2024年03月18日
YFBKCRM,江頭,賢,エトウ,ケン,1973年10月01日,2000年07月03日,571,Python・Go,データ分析経験7年,研修2回,4.0,4.0,4.0,3.5,問題解決力高い,2024年05月30日
9B9HALL,天野,雅彦,アマノ,マサヒコ,2022年06月23日,2054年10月22日,315,JavaScript・React,フロントエンド経験6年,研修3回,4.5,4.5,4.5,4.0,コミュ力高い,2024年06月10日
6GKMR97,窪田,忠士,クボタ,タダシ,1985年10月19日,2013年03月09日,488,C#・SQL,業務系システム開発経験9年,研修2回,4.0,3.5,3.5,3.5,安定感あり,2024年04月05日
RL10OHT,青木,和幸,アオキ,カズサチ,2017年03月16日,2052年03月01日,281,Ruby・PHP,Webアプリ開発経験5年,研修1回,4.5,4.0,4.0,4.0,真面目,2024年05月15日
6VTTZSP,山崎,倫子,ヤマサキ,ノリコ,1970年07月08日,1989年12月14日,403,Swift・Kotlin,モバイルアプリ開発経験4年,研修2回,4.0,3.5,4.0,3.5,技術好き,2024年06月05日
5FXSSEP,齋木,健太,サイキ,ケンタ,2014年01月15日,2049年07月22日,22,Java・Python,機械学習経験7年,研修3回,5.0,4.5,4.5,4.5,積極的,2024年04月20日
G9VY2U3,藤川,真希,フジカワ,マキ,2012年08月30日,2035年02月13日,156,Java・Python,システム開発経験5年,研修1回,4.5,4.0,4.0,3.5,特になし,2024年05月10日
OVS34ZH,柴田,渓,シバタ,ケイ,2012年04月08日,2049年07月12日,233,JavaScript・HTML・CSS,Webデザイン経験10年,研修3回,5.0,4.5,4.5,4.0,積極的,2024年04月22日
DUDCRMI,照屋,良美,テルヤ,ヨシミ,2014年09月09日,2039年08月17日,372,C++・Python,組み込み開発経験8年,研修2回,4.0,3.5,4.0,4.0,向上心あり,2024年06月01日
0S0DA58,金田,正明,カネダ,マサアキ,2015年03月12日,2055年06月24日,313,Java・Ruby,サーバーサイド経験5年,研修1回,4.5,4.0,4.5,4.0,リーダー経験あり,2024年03月18日
N4U8DVT,露口,浩太,ツユクチ,コウタ,1997年11月12日,2033年06月05日,73,Python・Go,データ分析経験7年,研修2回,4.0,4.0,4.0,3.5,問題解決力高い,2024年05月30日
S0DIZUI,伊藤,美恵子,イトウ,ミエコ,2022年04月12日,2049年09月29日,278,JavaScript・React,フロントエンド経験6年,研修3回,4.5,4.5,4.5,4.0,コミュ力高い,2024年06月10日
TE0VHNY,井上,泰則,イノウエ,ヤスノリ,2017年11月11日,2049年05月02日,126,C#・SQL,業務系システム開発経験9年,研修2回,4.0,3.5,3.5,3.5,安定感あり,2024年04月05日
FYL6H4E,笠井,明人,カサイ,アキヒト,2017年08月16日,2053年02月04日,342,Ruby・PHP,Webアプリ開発経験5年,研修1回,4.5,4.0,4.0,4.0,真面目,2024年05月15日
DP1W5ZA,佐藤,久実,サトウ,クミ,1991年09月25日,2021年04月28日,417,Swift・Kotlin,モバイルアプリ開発経験4年,研修2回,4.0,3.5,4.0,3.5,技術好き,2024年06月05日
WF52M33,森川,健太,モリカワ,ケンタ,1998年03月13日,2032年02月22日,179,Java・Python,機械学習経験7年,研修3回,5.0,4.5,4.5,4.5,積極的,2024年04月20日
50IC4GX,牧野,至,マキノ,イタル,2018年07月02日,2044年07月02日,35,Java・Python,システム開発経験5年,研修1回,4.5,4.0,4.0,3.5,特になし,2024年05月10日
CEZLYX3,入江,祐貴,イリエ,ユウキ,1975年06月10日,2014年09月04日,17,JavaScript・HTML・CSS,Webデザイン経験10年,研修3回,5.0,4.5,4.5,4.0,積極的,2024年04月22日
6IK3EE5,齋木,裕貴,サイキ,ユウキ,2024年03月15日,2062年05月21日,511,C++・Python,組み込み開発経験8年,研修2回,4.0,3.5,4.0,4.0,向上心あり,2024年06月01日
YY5X6E6,伊奈,知世,イナ,トモヨ,2015年10月02日,2048年02月29日,352,Java・Ruby,サーバーサイド経験5年,研修1回,4.5,4.0,4.5,4.0,リーダー経験あり,2024年03月18日
EX4KJTI,樋口,祐樹,オケグチ,ユウキ,1985年06月12日,2015年08月05日,69,Python・Go,データ分析経験7年,研修2回,4.0,4.0,4.0,3.5,問題解決力高い,2024年05月30日
Q87WRL6,森脇,正和,モリワキ,マサカズ,2001年07月15日,2034年02月03日,281,JavaScript・React,フロントエンド経験6年,研修3回,4.5,4.5,4.5,4.0,コミュ力高い,2024年06月10日
6IRYDH2,仲,祐介,ナカ,ユウスケ,2010年10月11日,2034年10月20日,484,C#・SQL,業務系システム開発経験9年,研修2回,4.0,3.5,3.5,3.5,安定感あり,2024年04月05日
KB1RKQU,前野,あさみ,マエノ,アサミ,1985年10月03日,2005年09月10日,277,Ruby・PHP,Webアプリ開発経験5年,研修1回,4.5,4.0,4.0,4.0,真面目,2024年05月15日
QPNWCKN,葛原,りえ,クズハラ,リエ,1993年09月24日,2020年03月14日,214,Swift・Kotlin,モバイルアプリ開発経験4年,研修2回,4.0,3.5,4.0,3.5,技術好き,2024年06月05日
Z7RM5DA,湯澤,真樹,ユザワ,マキ,2011年10月27日,2037年08月16日,173,Java・Python,機械学習経験7年,研修3回,5.0,4.5,4.5,4.5,積極的,2024年04月20日
7EP1LDQ,福田,明希,フクダ,アキ,2013年05月18日,2054年01月19日,393,Java・Python,システム開発経験5年,研修1回,4.5,4.0,4.0,3.5,特になし,2024年05月10日
7YA9KWU,堀部,直樹,ホリベ,ナオキ,1973年03月03日,2021年06月09日,549,Java・Python,システム開発経験5年,研修1回,4.5,4.0,4.0,3.5,特になし,2024年05月10日
F8BZ5JD,中山,拓己,ナカヤマ,タクミ,1987年08月04日,2005年02月21日,409,JavaScript・HTML・CSS,Webデザイン経験10年,研修3回,5.0,4.5,4.5,4.0,積極的,2024年04月22日
PHH6M5I,中島,愛,ナカジマ,アイ,1976年01月12日,2006年07月02日,60,C++・Python,組み込み開発経験8年,研修2回,4.0,3.5,4.0,4.0,向上心あり,2024年06月01日
UVP69J1,坂口,隆,サカグチ,タカシ,1986年10月07日,2006年07月11日,187,Java・Ruby,サーバーサイド経験5年,研修1回,4.5,4.0,4.5,4.0,リーダー経験あり,2024年03月18日
G8Q0RN9,荒井,由紀子,アライ,ユキコ,1981年05月31日,2016年06月28日,482,Python・Go,データ分析経験7年,研修2回,4.0,4.0,4.0,3.5,問題解決力高い,2024年05月30日
GA681OH,森田,高弘,モリタ,タカヒロ,1986年11月05日,2018年10月06日,96,JavaScript・React,フロントエンド経験6年,研修3回,4.5,4.5,4.5,4.0,コミュ力高い,2024年06月10日
AKNIZ41,森田,美樹,モリタ,ミキ,1979年10月06日,2009年09月08日,161,C#・SQL,業務系システム開発経験9年,研修2回,4.0,3.5,3.5,3.5,安定感あり,2024年04月05日
Z2K6EHD,山川,聖子,ヤマカワ,セイコ,1978年08月31日,2009年10月14日,127,Ruby・PHP,Webアプリ開発経験5年,研修1回,4.5,4.0,4.0,4.0,真面目,2024年05月15日
IQYCNRL,西川,麻理子,ニシカワ,マリコ,1982年10月30日,2016年08月17日,184,Swift・Kotlin,モバイルアプリ開発経験4年,研修2回,4.0,3.5,4.0,3.5,技術好き,2024年06月05日
IQH639E,乾,雄一,イヌイ,ユウイチ,1995年04月19日,2005年11月24日,402,Java・Python,機械学習経験7年,研修3回,5.0,4.5,4.5,4.5,積極的,2024年04月20日
6H5RRTM,山田,有希,ヤマダ,ユキ,1998年02月27日,2012年05月31日,419,Java・Python,システム開発経験5年,研修1回,4.5,4.0,4.0,3.5,特になし,2024年05月10日
G42TPYD,西本,将司,ニシモト,マサシ,1991年10月06日,2006年11月11日,77,JavaScript・HTML・CSS,Webデザイン経験10年,研修3回,5.0,4.5,4.5,4.0,積極的,2024年04月22日
DCFDJYD,松本,孝幸,マツモト,コウサチ,1978年03月24日,2011年04月18日,286,C++・Python,組み込み開発経験8年,研修2回,4.0,3.5,4.0,4.0,向上心あり,2024年06月01日
6JHEXKE,佐々木,舞,ササキ,マイ,1979年06月11日,2015年12月28日,416,Java・Ruby,サーバーサイド経験5年,研修1回,4.5,4.0,4.5,4.0,リーダー経験あり,2024年03月18日
NJ6N1TL,岩田,歩,イワタ,アユミ,1983年07月16日,2008年06月22日,177,Python・Go,データ分析経験7年,研修2回,4.0,4.0,4.0,3.5,問題解決力高い,2024年05月30日
HMFHQY2,三木,周,ミキ,アマネ,1983年10月06日,2010年05月22日,277,JavaScript・React,フロントエンド経験6年,研修3回,4.5,4.5,4.5,4.0,コミュ力高い,2024年06月10日
CXD3MY0,井上,伸治,イノウエ,ノブハル,1972年08月04日,2021年07月19日,411,C#・SQL,業務系システム開発経験9年,研修2回,4.0,3.5,3.5,3.5,安定感あり,2024年04月05日
Z4VCLC5,佐藤,直也,サトウ,ナオヤ,1999年03月06日,2016年03月20日,367,Ruby・PHP,Webアプリ開発経験5年,研修1回,4.5,4.0,4.0,4.0,真面目,2024年05月15日
2IYOKQN,小久保,真也,コクボ,シンヤ,1987年08月14日,2018年08月15日,497,Swift・Kotlin,モバイルアプリ開発経験4年,研修2回,4.0,3.5,4.0,3.5,技術好き,2024年06月05日
E4SH5CJ,田澤,やよい,タザワ,ヤヨイ,1991年07月16日,2011年07月24日,83,Java・Python,機械学習経験7年,研修3回,5.0,4.5,4.5,4.5,積極的,2024年04月20日
8MMW1W4,菅原,明生,スガワラ,アキオ,1992年08月13日,2009年01月24日,577,Java・Python,システム開発経験5年,研修1回,4.5,4.0,4.0,3.5,特になし,2024年05月10日
Z7YP9PR,佐々木,洋貴,ササキ,ヨウキ,1981年01月24日,2007年11月15日,90,JavaScript・HTML・CSS,Webデザイン経験10年,研修3回,5.0,4.5,4.5,4.0,積極的,2024年04月22日
34KXM2Z,金城,清隆,カネシロ,キヨタカ,1973年11月27日,2022年01月16日,366,C++・Python,組み込み開発経験8年,研修2回,4.0,3.5,4.0,4.0,向上心あり,2024年06月01日
QJ496JW,玉木,麻実,タマキ,マミ,1982年06月14日,2023年05月19日,440,Java・Ruby,サーバーサイド経験5年,研修1回,4.5,4.0,4.5,4.0,リーダー経験あり,2024年03月18日
WQRUXKB,竹本,美由紀,タケモト,ミユキ,1987年06月07日,2022年05月04日,120,Python・Go,データ分析経験7年,研修2回,4.0,4.0,4.0,3.5,問題解決力高い,2024年05月30日
AD9AH7N,寺田,聖子,テラダ,マサコ,1974年09月20日,2016年03月18日,312,JavaScript・React,フロントエンド経験6年,研修3回,4.5,4.5,4.5,4.0,コミュ力高い,2024年06月10日
RIEDG3N,丸田,郁恵,マルタ,イクエ,1982年04月14日,2022年01月16日,365,C#・SQL,業務系システム開発経験9年,研修2回,4.0,3.5,3.5,3.5,安定感あり,2024年04月05日
BLT50MV,川村,成弘,カワムラ,ナリヒロ,1988年03月12日,2017年03月16日,102,Ruby・PHP,Webアプリ開発経験5年,研修1回,4.5,4.0,4.0,4.0,真面目,2024年05月15日
SAPAMPL,榊原,実,サカキバラ,ミノル,1975年11月05日,2011年08月26日,84,Swift・Kotlin,モバイルアプリ開発経験4年,研修2回,4.0,3.5,4.0,3.5,技術好き,2024年06月05日
OXTTSNK,石川,洋,イシカワ,ヒロシ,1980年10月08日,2013年06月09日,170,Java・Python,機械学習経験7年,研修3回,5.0,4.5,4.5,4.5,積極的,2024年04月20日
MFUOCFD,高橋,千春,タカハシ,チハル,1976年06月15日,2019年05月15日,292,Java・Python,システム開発経験5年,研修1回,4.5,4.0,4.0,3.5,特になし,2024年05月10日
CHYTL5J,野田,健太,ノダ,ケンタ,1994年03月03日,2015年07月19日,17,JavaScript・HTML・CSS,Webデザイン経験10年,研修3回,5.0,4.5,4.5,4.0,積極的,2024年04月22日
VIEXEOJ,梅原,まさみ,ウメハラ,マサミ,1974年02月02日,2008年12月21日,60,C++・Python,組み込み開発経験8年,研修2回,4.0,3.5,4.0,4.0,向上心あり,2024年06月01日
7CEI6LN,伊地知,幸雄,イチジ,タカオ,1979年10月19日,2017年01月17日,96,Java・Ruby,サーバーサイド経験5年,研修1回,4.5,4.0,4.5,4.0,リーダー経験あり,2024年03月18日
HS9CW1B,根岸,淳一,ネギシ,ジュンイチ,1981年07月25日,2022年10月11日,123,Python・Go,データ分析経験7年,研修2回,4.0,4.0,4.0,3.5,問題解決力高い,2024年05月30日
086OEEO,千坂,拓也,チザカ,タクヤ,1993年06月14日,2016年05月07日,74,JavaScript・React,フロントエンド経験6年,研修3回,4.5,4.5,4.5,4.0,コミュ力高い,2024年06月10日
7JDXHO1,木村,一郎,キムラ,イチロウ,1993年01月30日,2006年11月14日,99,C#・SQL,業務系システム開発経験9年,研修2回,4.0,3.5,3.5,3.5,安定感あり,2024年04月05日
DWDXCG3,相川,真弓,アイカワ,マユミ,1998年10月01日,2005年08月21日,382,Ruby・PHP,Webアプリ開発経験5年,研修1回,4.5,4.0,4.0,4.0,真面目,2024年05月15日
MMNRXS1,奥村,拓也,オクムラ,タクヤ,1990年08月30日,2014年12月09日,10,Swift・Kotlin,モバイルアプリ開発経験4年,研修2回,4.0,3.5,4.0,3.5,技術好き,2024年06月05日
H4XVICF,本間,宏一,ホンマ,カズヒロ,1990年10月22日,2019年08月24日,304,Java・Python,機械学習経験7年,研修3回,5.0,4.5,4.5,4.5,積極的,2024年04月20日
YGE88JA,照屋,章博,テルヤ,マサヒロ,1979年10月20日,2007年05月31日,561,Java・Python,システム開発経験5年,研修1回,4.5,4.0,4.0,3.5,特になし,2024年05月10日
VPV2F5T,岡田,暢彦,オカダ,カモヒコ,1982年05月15日,2005年06月24日,25,JavaScript・HTML・CSS,Webデザイン経験10年,研修3回,5.0,4.5,4.5,4.0,積極的,2024年04月22日
IXHSEHB,矢野,裕介,ヤノ,ユウスケ,1991年10月01日,2009年03月13日,88,C++・Python,組み込み開発経験8年,研修2回,4.0,3.5,4.0,4.0,向上心あり,2024年06月01日
T7DTDJL,鄭,雅和,ナラ,マサナリ,1995年07月01日,2006年06月25日,412,Java・Ruby,サーバーサイド経験5年,研修1回,4.5,4.0,4.5,4.0,リーダー経験あり,2024年03月18日
MW82506,小林,隆子,コバヤシ,タカコ,1972年06月20日,2014年05月03日,572,Python・Go,データ分析経験7年,研修2回,4.0,4.0,4.0,3.5,問題解決力高い,2024年05月30日
XB6UH3V,平田,謙一,ヒラダ,ケンイチ,1979年10月10日,2017年08月13日,114,JavaScript・React,フロントエンド経験6年,研修3回,4.5,4.5,4.5,4.0,コミュ力高い,2024年06月10日
1G7AK7T,岩田,貴行,イワタ,タカユキ,1993年10月06日,2010年01月30日,272,C#・SQL,業務系システム開発経験9年,研修2回,4.0,3.5,3.5,3.5,安定感あり,2024年04月05日
EA0EZF1,利光,耕治,トシミツ,コウジ,1995年04月13日,2014年07月28日,94,Ruby・PHP,Webアプリ開発経験5年,研修1回,4.5,4.0,4.0,4.0,真面目,2024年05月15日
0UJDPV3,岡本,信行,オカモト,ノブユキ,1984年01月11日,2014年02月09日,302,Swift・Kotlin,モバイルアプリ開発経験4年,研修2回,4.0,3.5,4.0,3.5,技術好き,2024年06月05日
LQVUW3R,仲谷,みさと,ナカタニ,ミサト,1981年07月27日,2010年03月21日,254,Java・Python,機械学習経験7年,研修3回,5.0,4.5,4.5,4.5,積極的,2024年04月20日
S4M0KYK,立花,薫,タチバナ,カオリ,1984年11月14日,2020年05月28日,234,Java・Python,システム開発経験5年,研修1回,4.5,4.0,4.0,3.5,特になし,2024年05月10日
SNOM8AR,奥村,智也,オクムラ,トモナリ,1993年01月25日,2022年12月07日,59,JavaScript・HTML・CSS,Webデザイン経験10年,研修3回,5.0,4.5,4.5,4.0,積極的,2024年04月22日
SNB5KEB,宮坂,高広,ミヤサカ,タカヒロ,1981年12月11日,2019年09月02日,358,C++・Python,組み込み開発経験8年,研修2回,4.0,3.5,4.0,4.0,向上心あり,2024年06月01日
7FU8K33,廣瀬,智美,ヒロセ,トモミ,1988年11月06日,2010年02月26日,341,Java・Ruby,サーバーサイド経験5年,研修1回,4.5,4.0,4.5,4.0,リーダー経験あり,2024年03月18日
NJPBTU7,島田,和則,シマダ,カズノリ,1988年11月17日,2014年01月24日,396,Python・Go,データ分析経験7年,研修2回,4.0,4.0,4.0,3.5,問題解決力高い,2024年05月30日
AETIAYR,葛原,邦彦,クズハラ,クニヒコ,1980年04月18日,2006年02月22日,424,JavaScript・React,フロントエンド経験6年,研修3回,4.5,4.5,4.5,4.0,コミュ力高い,2024年06月10日
6MP61NR,鈴木,友紀子,スズキ,ユキコ,1998年11月18日,2017年04月18日,394,C#・SQL,業務系システム開発経験9年,研修2回,4.0,3.5,3.5,3.5,安定感あり,2024年04月05日
ESQQ8X8,馬場,徹,ババ,トオル,1977年12月05日,2012年05月09日,502,Ruby・PHP,Webアプリ開発経験5年,研修1回,4.5,4.0,4.0,4.0,真面目,2024年05月15日
K700IME,橋本,耕太郎,ハシモト,コウタロウ,1991年03月27日,2012年02月19日,1,Swift・Kotlin,モバイルアプリ開発経験4年,研修2回,4.0,3.5,4.0,3.5,技術好き,2024年06月05日
3FWZSBG,小山田,靖子,コヤマダ,ハルコ,1981年01月02日,2009年02月02日,188,Java・Python,機械学習経験7年,研修3回,5.0,4.5,4.5,4.5,積極的,2024年04月20日
EKXNN10,冨川,和子,トミカワ,カズコ,1995年08月22日,2005年10月08日,88,Java・Python,システム開発経験5年,研修1回,4.5,4.0,4.0,3.5,特になし,2024年05月10日
0ET3O6K,山本,淳一,ヤマモト,ジュンイチ,1983年08月29日,2007年07月05日,122,JavaScript・HTML・CSS,Webデザイン経験10年,研修3回,5.0,4.5,4.5,4.0,積極的,2024年04月22日
ZSSN5AN,大久保,諭,オオクボ,サトシ,1987年09月03日,2014年10月18日,433,C++・Python,組み込み開発経験8年,研修2回,4.0,3.5,4.0,4.0,向上心あり,2024年06月01日
P9ZM8GC,原田,裕子,ハラダ,ユウコ,1974年01月26日,2005年06月05日,563,Java・Ruby,サーバーサイド経験5年,研修1回,4.5,4.0,4.5,4.0,リーダー経験あり,2024年03月18日
Y7N5DMS,村田,哲平,ムラタ,ケンペイ,1994年03月13日,2023年02月13日,122,Python・Go,データ分析経験7年,研修2回,4.0,4.0,4.0,3.5,問題解決力高い,2024年05月30日
3YX62EX,崎山,洋治,サキヤマ,ヨウジ,1981年12月12日,2012年05月14日,104,JavaScript・React,フロントエンド経験6年,研修3回,4.5,4.5,4.5,4.0,コミュ力高い,2024年06月10日
1YTOMWU,軍司,宏幸,グンシ,ヒロサチ,1995年11月22日,2007年08月14日,350,C#・SQL,業務系システム開発経験9年,研修2回,4.0,3.5,3.5,3.5,安定感あり,2024年04月05日
9SF4814,土橋,大樹,ツチハシ,タイジュ,1987年12月30日,2017年08月04日,525,Ruby・PHP,Webアプリ開発経験5年,研修1回,4.5,4.0,4.0,4.0,真面目,2024年05月15日
5DGVAPG,森,裕美,モリ,ユミ,1980年10月23日,2023年11月24日,319,Swift・Kotlin,モバイルアプリ開発経験4年,研修2回,4.0,3.5,4.0,3.5,技術好き,2024年06月05日
V3L5FBF,神谷,浩晃,カミヤ,ヒロアキ,1983年05月17日,2010年02月05日,17,Java・Python,機械学習経験7年,研修3回,5.0,4.5,4.5,4.5,積極的,2024年04月20日
HZ4KXUV,大川,晃弘,オオカワ,アキヒロ,1996年03月25日,2018年05月07日,574,Java・Python,システム開発経験5年,研修1回,4.5,4.0,4.0,3.5,特になし,2024年05月10日
5KE98VS,山本,孝典,ヤマモト,コウノリ,1999年11月06日,2013年07月04日,557,JavaScript・HTML・CSS,Webデザイン経験10年,研修3回,5.0,4.5,4.5,4.0,積極的,2024年04月22日
SI5WDHP,福井,拓実,フクイ,タクミ,1984年10月06日,2013年11月25日,384,C++・Python,組み込み開発経験8年,研修2回,4.0,3.5,4.0,4.0,向上心あり,2024年06月01日
W9OA1P9,星野,さおり,ホシノ,サオリ,1976年10月22日,2011年12月23日,198,Java・Ruby,サーバーサイド経験5年,研修1回,4.5,4.0,4.5,4.0,リーダー経験あり,2024年03月18日
UKUVM0Y,窪田,大輔,クボタ,ダイスケ,1970年11月13日,2012年04月05日,39,Python・Go,データ分析経験7年,研修2回,4.0,4.0,4.0,3.5,問題解決力高い,2024年05月30日
M49Z4W6,大屋,輝彦,オオヤ,テルヒコ,1986年08月20日,2009年09月07日,9,JavaScript・React,フロントエンド経験6年,研修3回,4.5,4.5,4.5,4.0,コミュ力高い,2024年06月10日
3L0H3MM,長谷川,由里子,ハセガワ,ユリコ,1993年11月22日,2011年10月25日,452,C#・SQL,業務系システム開発経験9年,研修2回,4.0,3.5,3.5,3.5,安定感あり,2024年04月05日
13T8CPC,喜納,泰,キノリ,ハタ,1989年05月23日,2006年01月29日,20,Ruby・PHP,Webアプリ開発経験5年,研修1回,4.5,4.0,4.0,4.0,真面目,2024年05月15日
9C3INZY,池田,瞳,イケダ,ヒトミ,1981年10月06日,2021年04月02日,317,Swift・Kotlin,モバイルアプリ開発経験4年,研修2回,4.0,3.5,4.0,3.5,技術好き,2024年06月05日
NPTKUSJ,右近,智恵,ウコン,チエ,1991年10月14日,2018年05月27日,424,Java・Python,機械学習経験7年,研修3回,5.0,4.5,4.5,4.5,積極的,2024年04月20日
ITWUJ20,稲嶺,聡,イナレイ,サトル,1999年09月27日,2021年04月16日,294,Java・Python,システム開発経験5年,研修1回,4.5,4.0,4.0,3.5,特になし,2024年05月10日
OFU266T,和泉,優一,イズミ,ユウイチ,1991年01月19日,2018年06月11日,191,JavaScript・HTML・CSS,Webデザイン経験10年,研修3回,5.0,4.5,4.5,4.0,積極的,2024年04月22日
NU89ZMO,渡辺,綾夏,ワタナベ,アヤカ,1998年04月06日,2011年10月15日,196,C++・Python,組み込み開発経験8年,研修2回,4.0,3.5,4.0,4.0,向上心あり,2024年06月01日
TQ1C79N,山田,竜一,ヤマダ,リュウイチ,1974年05月24日,2017年10月06日,59,Java・Ruby,サーバーサイド経験5年,研修1回,4.5,4.0,4.5,4.0,リーダー経験あり,2024年03月18日
7LPNGKP,山本,晋一郎,ヤマモト,シンイチロウ,1988年10月24日,2005年09月29日,1,Python・Go,データ分析経験7年,研修2回,4.0,4.0,4.0,3.5,問題解決力高い,2024年05月30日
1JI048F,秋池,寛之,アキイケ,タカノ,1997年07月25日,2013年03月30日,356,JavaScript・React,フロントエンド経験6年,研修3回,4.5,4.5,4.5,4.0,コミュ力高い,2024年06月10日
D2SZAF5,高橋,真吾,タカハシ,シンゴ,1974年11月12日,2017年01月30日,585,C#・SQL,業務系システム開発経験9年,研修2回,4.0,3.5,3.5,3.5,安定感あり,2024年04月05日
M6GVOKQ,藤井,公俊,フジイ,マサトシ,1996年01月15日,2023年09月13日,210,Ruby・PHP,Webアプリ開発経験5年,研修1回,4.5,4.0,4.0,4.0,真面目,2024年05月15日
PXZ1TQH,若狭,大樹,ワカザマ,タイキ,1981年08月12日,2020年10月11日,487,Swift・Kotlin,モバイルアプリ開発経験4年,研修2回,4.0,3.5,4.0,3.5,技術好き,2024年06月05日
2BSK9LC,石井,貴志,イシイ,タカシ,1987年06月19日,2019年10月18日,16,Java・Python,機械学習経験7年,研修3回,5.0,4.5,4.5,4.5,積極的,2024年04月20日
8GHZIPK,大城,豊,オオシロ,ユタカ,1974年12月15日,2023年07月22日,370,Java・Python,システム開発経験5年,研修1回,4.5,4.0,4.0,3.5,特になし,2024年05月10日
MOI332E,鶴巻,隆司,ツルマキ,タカシ,1999年07月07日,2023年11月29日,321,JavaScript・HTML・CSS,Webデザイン経験10年,研修3回,5.0,4.5,4.5,4.0,積極的,2024年04月22日
KBRFOEO,吉村,美香,ヨシムラ,ミカ,1976年02月20日,2012年12月05日,12,C++・Python,組み込み開発経験8年,研修2回,4.0,3.5,4.0,4.0,向上心あり,2024年06月01日
25YCD57,吉村,涼太,ヨシムラ,リョウタ,1994年04月08日,2015年02月23日,0,Java・Ruby,サーバーサイド経験5年,研修1回,4.5,4.0,4.5,4.0,リーダー経験あり,2024年03月18日
SWTHFC5,井村,光明,イムラ,ミツアキ,1970年09月29日,2012年03月19日,420,Python・Go,データ分析経験7年,研修2回,4.0,4.0,4.0,3.5,問題解決力高い,2024年05月30日
IAY3GEH,齋藤,美紀,サイトウ,ミノリ,1997年01月08日,2009年04月07日,111,JavaScript・React,フロントエンド経験6年,研修3回,4.5,4.5,4.5,4.0,コミュ力高い,2024年06月10日
9TJP97X,品川,新,シナガワ,アラタ,1983年03月26日,2007年08月14日,2,C#・SQL,業務系システム開発経験9年,研修2回,4.0,3.5,3.5,3.5,安定感あり,2024年04月05日
UD9VOUY,赤沼,光弘,アカヌマ,ミツヒロ,1981年09月05日,2021年11月04日,255,Ruby・PHP,Webアプリ開発経験5年,研修1回,4.5,4.0,4.0,4.0,真面目,2024年05月15日
D5H8IXU,中村,望,ナカムラ,ノゾミ,1994年08月03日,2020年12月16日,124,Swift・Kotlin,モバイルアプリ開発経験4年,研修2回,4.0,3.5,4.0,3.5,技術好き,2024年06月05日
9A9VOAM,佐瀬,悟,サセ,サトル,1994年06月17日,2023年04月10日,546,Java・Python,機械学習経験7年,研修3回,5.0,4.5,4.5,4.5,積極的,2024年04月20日
SGXYG1W,菅原,あやめ,スガハラ,アヤメ,1972年11月12日,2015年08月05日,498,Java・Python,システム開発経験5年,研修1回,4.5,4.0,4.0,3.5,特になし,2024年05月10日
TM87XYY,柴田,光,シバタ,ミツル,1974年08月24日,2007年07月20日,386,Java・Python,システム開発経験5年,研修1回,4.5,4.0,4.0,3.5,特になし,2024年05月10日
DS7AIKF,沖田,渓,オキタ,ケイ,1971年05月23日,2021年05月02日,409,JavaScript・HTML・CSS,Webデザイン経験10年,研修3回,5.0,4.5,4.5,4.0,積極的,2024年04月22日
ADNC44O,原田,麻紗子,ハラダ,マサコ,1987年11月08日,2005年03月01日,73,C++・Python,組み込み開発経験8年,研修2回,4.0,3.5,4.0,4.0,向上心あり,2024年06月01日
RTLSXPZ,遠藤,孝明,エンドウ,タカアキ,1998年04月22日,2016年11月08日,375,Java・Ruby,サーバーサイド経験5年,研修1回,4.5,4.0,4.5,4.0,リーダー経験あり,2024年03月18日
X64Q1CN,齋藤,亜弥,サイトウ,アヤ,1994年02月28日,2018年09月04日,547,Python・Go,データ分析経験7年,研修2回,4.0,4.0,4.0,3.5,問題解決力高い,2024年05月30日
G9B33ES,川田,佑太朗,カワタ,ユウタロウ,1999年06月13日,2009年08月23日,371,JavaScript・React,フロントエンド経験6年,研修3回,4.5,4.5,4.5,4.0,コミュ力高い,2024年06月10日
10W4J1C,十亀,晃弘,トガメ,アキヒロ,1994年01月15日,2022年11月13日,379,C#・SQL,業務系システム開発経験9年,研修2回,4.0,3.5,3.5,3.5,安定感あり,2024年04月05日
BAKYANC,辻川,絵里,ツジカワ,エリ,1995年11月03日,2010年04月22日,185,Ruby・PHP,Webアプリ開発経験5年,研修1回,4.5,4.0,4.0,4.0,真面目,2024年05月15日
KGK0QDA,松本,真美,マツモト,マミ,1991年09月14日,2017年10月12日,137,Swift・Kotlin,モバイルアプリ開発経験4年,研修2回,4.0,3.5,4.0,3.5,技術好き,2024年06月05日
C4JIZ3T,山浦,温子,ヤマウラ,オンコ,1986年04月20日,2014年03月24日,292,Java・Python,機械学習経験7年,研修3回,5.0,4.5,4.5,4.5,積極的,2024年04月20日
8ENP52M,菊川,直樹,キクカワ,ナオキ,1992年06月04日,2021年01月22日,509,Java・Python,システム開発経験5年,研修1回,4.5,4.0,4.0,3.5,特になし,2024年05月10日
DD3LW22,木下,幸子,キノシタ,サチコ,1973年06月23日,2021年05月17日,370,JavaScript・HTML・CSS,Webデザイン経験10年,研修3回,5.0,4.5,4.5,4.0,積極的,2024年04月22日
H55LN1D,鈴木,淳,スズキ,ジュン,1990年03月21日,2016年06月28日,370,C++・Python,組み込み開発経験8年,研修2回,4.0,3.5,4.0,4.0,向上心あり,2024年06月01日
962A0A3,佐藤,由佳,サトウ,ユカ,1983年01月29日,2010年08月05日,498,Java・Ruby,サーバーサイド経験5年,研修1回,4.5,4.0,4.5,4.0,リーダー経験あり,2024年03月18日
W6VNB64,石田,貴美,イシダ,タカミ,1982年04月24日,2021年04月05日,583,Python・Go,データ分析経験7年,研修2回,4.0,4.0,4.0,3.5,問題解決力高い,2024年05月30日
JB0RD49,梅田,雄大,ウメダ,ユウダイ,1978年04月02日,2012年04月21日,15,JavaScript・React,フロントエンド経験6年,研修3回,4.5,4.5,4.5,4.0,コミュ力高い,2024年06月10日
S10WBMC,渡部,麻衣子,ワタベ,マイコ,1983年09月23日,2006年11月28日,377,C#・SQL,業務系システム開発経験9年,研修2回,4.0,3.5,3.5,3.5,安定感あり,2024年04月05日
7WHAQUH,川上,晃士,カワカミ,コウシ,1986年11月27日,2018年06月27日,144,Ruby・PHP,Webアプリ開発経験5年,研修1回,4.5,4.0,4.0,4.0,真面目,2024年05月15日
6C1K5S3,藤巻,龍介,フジマキ,リュウスケ,1984年11月04日,2015年11月24日,206,Swift・Kotlin,モバイルアプリ開発経験4年,研修2回,4.0,3.5,4.0,3.5,技術好き,2024年06月05日
HIG70VP,柏,みのり,カシワ,ミノリ,1983年02月26日,2005年12月25日,119,Java・Python,機械学習経験7年,研修3回,5.0,4.5,4.5,4.5,積極的,2024年04月20日
DMTL8NQ,兼田,義男,カネダ,ヨシオ,1997年03月07日,2020年12月07日,552,Java・Python,システム開発経験5年,研修1回,4.5,4.0,4.0,3.5,特になし,2024年05月10日
I961TN1,田中,昌之,タナカ,ショウノ,1999年01月08日,2008年08月27日,520,JavaScript・HTML・CSS,Webデザイン経験10年,研修3回,5.0,4.5,4.5,4.0,積極的,2024年04月22日
QV5KI2C,飯島,将史,イイジマ,マサシ,1970年03月25日,2015年06月30日,62,C++・Python,組み込み開発経験8年,研修2回,4.0,3.5,4.0,4.0,向上心あり,2024年06月01日
KKKV7U1,松井,貴子,マツイ,タカコ,1995年03月02日,2010年10月21日,566,Java・Ruby,サーバーサイド経験5年,研修1回,4.5,4.0,4.5,4.0,リーダー経験あり,2024年03月18日
1YQ4QVU,小野,めぐみ,オノ,メグミ,1989年09月24日,2013年03月07日,286,Python・Go,データ分析経験7年,研修2回,4.0,4.0,4.0,3.5,問題解決力高い,2024年05月30日
Q642Q48,近藤,祐一,コンドウ,ユウイチ,1982年03月06日,2013年05月20日,125,JavaScript・React,フロントエンド経験6年,研修3回,4.5,4.5,4.5,4.0,コミュ力高い,2024年06月10日
4YAWEE9,星,主税,ホシ,シュゼイ,1989年04月10日,2022年08月05日,224,C#・SQL,業務系システム開発経験9年,研修2回,4.0,3.5,3.5,3.5,安定感あり,2024年04月05日
E5MXR91,北中,遊,キタナカ,ユウ,1973年02月22日,2017年03月01日,46,Ruby・PHP,Webアプリ開発経験5年,研修1回,4.5,4.0,4.0,4.0,真面目,2024年05月15日
LQRINJ4,川嶋,正道,カワシマ,マサミチ,1977年11月13日,2007年11月10日,258,Swift・Kotlin,モバイルアプリ開発経験4年,研修2回,4.0,3.5,4.0,3.5,技術好き,2024年06月05日
G4KZ33Q,増澤,康平,マスザワ,タカヒラ,1992年02月24日,2012年07月27日,439,Java・Python,機械学習経験7年,研修3回,5.0,4.5,4.5,4.5,積極的,2024年04月20日
EPSX07W,武永,敬子,ブナガ,ケイコ,1975年03月04日,2012年05月16日,486,Java・Python,システム開発経験5年,研修1回,4.5,4.0,4.0,3.5,特になし,2024年05月10日
B7BRXCM,竹中,寛子,タケナカ,ヒロコ,1989年10月01日,2009年06月08日,102,JavaScript・HTML・CSS,Webデザイン経験10年,研修3回,5.0,4.5,4.5,4.0,積極的,2024年04月22日
K38N6YO,小笠原,雅行,オガサワラ,マサユキ,1982年11月16日,2005年01月02日,398,C++・Python,組み込み開発経験8年,研修2回,4.0,3.5,4.0,4.0,向上心あり,2024年06月01日
S40OZ1D,草場,裕喜,クサバ,ユキ,1995年06月02日,2023年11月08日,196,Java・Ruby,サーバーサイド経験5年,研修1回,4.5,4.0,4.5,4.0,リーダー経験あり,2024年03月18日
FCTK4I8,川島,宏,カワシマ,ヒロシ,1976年12月20日,2014年08月12日,595,Python・Go,データ分析経験7年,研修2回,4.0,4.0,4.0,3.5,問題解決力高い,2024年05月30日
MYR3540,原田,裕子,ハラダ,ユウコ,1970年09月15日,2009年02月04日,390,JavaScript・React,フロントエンド経験6年,研修3回,4.5,4.5,4.5,4.0,コミュ力高い,2024年06月10日
YKHTXJE,高橋,真衣,タカハシ,マイ,1979年01月06日,2015年04月18日,554,C#・SQL,業務系システム開発経験9年,研修2回,4.0,3.5,3.5,3.5,安定感あり,2024年04月05日
OV1FEO5,飯塚,裕子,イイヅカ,ユウコ,1988年10月03日,2022年10月08日,18,Ruby・PHP,Webアプリ開発経験5年,研修1回,4.5,4.0,4.0,4.0,真面目,2024年05月15日
AWISUZ7,杉浦,元,スギウラ,ゲン,1996年04月09日,2011年06月15日,440,Swift・Kotlin,モバイルアプリ開発経験4年,研修2回,4.0,3.5,4.0,3.5,技術好き,2024年06月05日
NZ7229W,井手,徹,イデ,テツル,1982年02月18日,2017年10月17日,412,Java・Python,機械学習経験7年,研修3回,5.0,4.5,4.5,4.5,積極的,2024年04月20日
66GI9P2,板井,靖,サカイ,ハル,1992年12月26日,2013年10月15日,96,Java・Python,システム開発経験5年,研修1回,4.5,4.0,4.0,3.5,特になし,2024年05月10日
VCJE5BM,伊藤,孝信,イトウ,タカノブ,1972年12月20日,2021年10月07日,91,JavaScript・HTML・CSS,Webデザイン経験10年,研修3回,5.0,4.5,4.5,4.0,積極的,2024年04月22日
AYQLWKQ,鳥取,直哉,トットリ,ナオヤ,1995年12月08日,2009年10月11日,564,C++・Python,組み込み開発経験8年,研修2回,4.0,3.5,4.0,4.0,向上心あり,2024年06月01日
WCZQWYR,河原,隆太,カワハラ,ハルタ,1975年11月13日,2006年05月19日,527,Java・Ruby,サーバーサイド経験5年,研修1回,4.5,4.0,4.5,4.0,リーダー経験あり,2024年03月18日
YOQ36IH,石森,千華,イシモリ,チカ,1976年01月18日,2023年07月31日,171,Python・Go,データ分析経験7年,研修2回,4.0,4.0,4.0,3.5,問題解決力高い,2024年05月30日
RS1PPS4,小林,翔子,コバヤシ,ショウコ,1996年02月02日,2005年11月03日,574,JavaScript・React,フロントエンド経験6年,研修3回,4.5,4.5,4.5,4.0,コミュ力高い,2024年06月10日
B93QI9V,福田,茂雄,フクダ,シゲオ,1983年04月03日,2016年05月04日,564,C#・SQL,業務系システム開発経験9年,研修2回,4.0,3.5,3.5,3.5,安定感あり,2024年04月05日
IVJEW6Z,中村,暁子,ナカムラ,アキコ,1992年07月02日,2017年03月25日,358,Ruby・PHP,Webアプリ開発経験5年,研修1回,4.5,4.0,4.0,4.0,真面目,2024年05月15日
RG7VQUE,小池,昌宏,コイケ,マサヒロ,1976年11月05日,2008年03月11日,59,Swift・Kotlin,モバイルアプリ開発経験4年,研修2回,4.0,3.5,4.0,3.5,技術好き,2024年06月05日
TOOY80B,増井,賢一,マスイ,ケンイチ,1994年12月18日,2005年10月01日,417,Java・Python,機械学習経験7年,研修3回,5.0,4.5,4.5,4.5,積極的,2024年04月20日
TNANB3I,久米,敦志,クルメ,アツシ,1979年09月11日,2013年07月06日,253,Java・Python,システム開発経験5年,研修1回,4.5,4.0,4.0,3.5,特になし,2024年05月10日
SJLK2J0,寺田,拓也,テラダ,タクヤ,1976年09月20日,2009年04月28日,87,JavaScript・HTML・CSS,Webデザイン経験10年,研修3回,5.0,4.5,4.5,4.0,積極的,2024年04月22日
ZI53H83,清水,麻美,シミズ,マミ,1993年09月02日,2012年04月09日,30,C++・Python,組み込み開発経験8年,研修2回,4.0,3.5,4.0,4.0,向上心あり,2024年06月01日
T053JY2,永岡,一真,ナガオカ,カズマ,1988年06月11日,2012年10月25日,294,Java・Ruby,サーバーサイド経験5年,研修1回,4.5,4.0,4.5,4.0,リーダー経験あり,2024年03月18日
AWOMGRB,山崎,宏明,ヤマザキ,ヒロアキ,1976年04月19日,2017年08月04日,144,Python・Go,データ分析経験7年,研修2回,4.0,4.0,4.0,3.5,問題解決力高い,2024年05月30日
9Q27HAM,神宮司,香織,ジングウジ,カオリ,1983年01月21日,2017年12月25日,362,JavaScript・React,フロントエンド経験6年,研修3回,4.5,4.5,4.5,4.0,コミュ力高い,2024年06月10日
4GVO15O,森脇,ゆかり,モリワキ,ユカリ,1981年11月13日,2009年03月21日,335,C#・SQL,業務系システム開発経験9年,研修2回,4.0,3.5,3.5,3.5,安定感あり,2024年04月05日
4YBQ3YP,佐藤,稔,サトウ,ネジリ,1996年03月13日,2011年11月01日,308,Ruby・PHP,Webアプリ開発経験5年,研修1回,4.5,4.0,4.0,4.0,真面目,2024年05月15日
V63KOEF,野田,崇史,ノダ,タカシ,1974年08月29日,2021年05月18日,311,Swift・Kotlin,モバイルアプリ開発経験4年,研修2回,4.0,3.5,4.0,3.5,技術好き,2024年06月05日
S2P4IAC,竹尾,理紗,タケオ,リサ,1971年01月25日,2011年03月20日,305,Java・Python,機械学習経験7年,研修3回,5.0,4.5,4.5,4.5,積極的,2024年04月20日
JD0YM77,高橋,綾乃,タカハシ,アヤノ,1982年02月12日,2013年04月09日,241,Java・Python,システム開発経験5年,研修1回,4.5,4.0,4.0,3.5,特になし,2024年05月10日
69RF9GB,本田,梨沙,ホンダ,リサ,1984年11月21日,2011年11月07日,122,JavaScript・HTML・CSS,Webデザイン経験10年,研修3回,5.0,4.5,4.5,4.0,積極的,2024年04月22日
4S1RDQU,石塚,崇弘,イシヅカ,タカヒロ,1970年02月13日,2010年10月18日,453,C++・Python,組み込み開発経験8年,研修2回,4.0,3.5,4.0,4.0,向上心あり,2024年06月01日
C72CGAE,樫尾,智紀,カシオ,トモノリ,1987年04月05日,2017年10月23日,250,Java・Ruby,サーバーサイド経験5年,研修1回,4.5,4.0,4.5,4.0,リーダー経験あり,2024年03月18日
XX17G9I,山口,鈴子,ヤマグチ,スズコ,1984年09月06日,2009年03月16日,357,Python・Go,データ分析経験7年,研修2回,4.0,4.0,4.0,3.5,問題解決力高い,2024年05月30日
LK5XATQ,濱田,麻紀,ヒロダ,マキ,1975年08月03日,2011年05月06日,331,JavaScript・React,フロントエンド経験6年,研修3回,4.5,4.5,4.5,4.0,コミュ力高い,2024年06月10日
ZFI2D2F,鴨田,克徳,カモダ,コクトク,1984年04月01日,2020年09月06日,566,C#・SQL,業務系システム開発経験9年,研修2回,4.0,3.5,3.5,3.5,安定感あり,2024年04月05日
ZKH06ZD,大野,亮介,オオノ,リョウスケ,1987年09月05日,2010年05月23日,508,Ruby・PHP,Webアプリ開発経験5年,研修1回,4.5,4.0,4.0,4.0,真面目,2024年05月15日
Q41Z2LH,玉野,浩幸,タマノ,ヒロサチ,1997年06月08日,2018年02月24日,500,Swift・Kotlin,モバイルアプリ開発経験4年,研修2回,4.0,3.5,4.0,3.5,技術好き,2024年06月05日
EV29AEN,伊藤,友彦,イトウ,トモヒコ,1974年05月12日,2014年10月03日,186,Java・Python,機械学習経験7年,研修3回,5.0,4.5,4.5,4.5,積極的,2024年04月20日
K6O5GWP,瀬戸,祥一郎,セト,ヨウイチロウ,1991年09月15日,2019年02月09日,470,Java・Python,システム開発経験5年,研修1回,4.5,4.0,4.0,3.5,特になし,2024年05月10日
MU6UPOX,森川,広大,モリカワ,コウダイ,1999年11月17日,2009年01月12日,334,JavaScript・HTML・CSS,Webデザイン経験10年,研修3回,5.0,4.5,4.5,4.0,積極的,2024年04月22日
RVIXVJX,野村,美奈,ノムラ,ミナ,1987年08月12日,2015年07月15日,525,C++・Python,組み込み開発経験8年,研修2回,4.0,3.5,4.0,4.0,向上心あり,2024年06月01日
M426D87,奥田,喜美,オクダ,ヨシミ,1972年08月14日,2016年10月29日,441,Java・Ruby,サーバーサイド経験5年,研修1回,4.5,4.0,4.5,4.0,リーダー経験あり,2024年03月18日
PWIMRH1,薄田,将之,ヒロダ,マサノ,1999年08月11日,2007年07月01日,5,Python・Go,データ分析経験7年,研修2回,4.0,4.0,4.0,3.5,問題解決力高い,2024年05月30日
TRW44WS,青柳,啓子,アオヤナギ,ケイコ,1983年08月24日,2007年02月15日,552,JavaScript・React,フロントエンド経験6年,研修3回,4.5,4.5,4.5,4.0,コミュ力高い,2024年06月10日
6P0YZS2,冨安,光一郎,トミヤス,コウイチロウ,1979年08月04日,2021年03月06日,557,C#・SQL,業務系システム開発経験9年,研修2回,4.0,3.5,3.5,3.5,安定感あり,2024年04月05日
A1DY2T4,岡田,寛之,オカダ,タカノ,1980年10月10日,2015年11月07日,283,Ruby・PHP,Webアプリ開発経験5年,研修1回,4.5,4.0,4.0,4.0,真面目,2024年05月15日
TSOEFSJ,上原,香織,ウエハラ,カオリ,1977年10月19日,2010年12月25日,479,Swift・Kotlin,モバイルアプリ開発経験4年,研修2回,4.0,3.5,4.0,3.5,技術好き,2024年06月05日
EW6JDBW,大竹,公,オオタケ,コウ,1991年11月06日,2010年03月28日,169,Java・Python,機械学習経験7年,研修3回,5.0,4.5,4.5,4.5,積極的,2024年04月20日
JEDK2LI,中村,裕貴,ナカムラ,ユウキ,1996年01月01日,2007年05月05日,162,Java・Python,システム開発経験5年,研修1回,4.5,4.0,4.0,3.5,特になし,2024年05月10日
YDC7M6Y,五味,仁,ゴミ,ジン,1975年12月03日,2008年07月24日,456,JavaScript・HTML・CSS,Webデザイン経験10年,研修3回,5.0,4.5,4.5,4.0,積極的,2024年04月22日
N493Y58,飯塚,正浩,イイヅカ,マサハル,1987年10月18日,2010年09月13日,389,C++・Python,組み込み開発経験8年,研修2回,4.0,3.5,4.0,4.0,向上心あり,2024年06月01日
6C2G7WW,服部,良太,ハットリ,リョウタ,1978年08月01日,2019年03月13日,597,Java・Ruby,サーバーサイド経験5年,研修1回,4.5,4.0,4.5,4.0,リーダー経験あり,2024年03月18日
PMX3H5D,坂口,敬子,サカグチ,ケイコ,1990年10月07日,2021年08月12日,516,Python・Go,データ分析経験7年,研修2回,4.0,4.0,4.0,3.5,問題解決力高い,2024年05月30日
